auc,train_balance,test_balance,n_test,model,fold,seed,shift
0.9090909090909091,0.418,0.8166666666666667,30,transformer_finbert,0,0,0.39866666666666667
0.41743970315398893,0.418,0.8166666666666667,60,baseline_xgb,0,0,0.39866666666666667
0.8851674641148325,0.418,0.8166666666666667,30,transformer_finbert,0,1,0.39866666666666667
0.3784786641929499,0.418,0.8166666666666667,60,baseline_xgb,0,1,0.39866666666666667
0.9090909090909091,0.418,0.8166666666666667,30,transformer_finbert,0,2,0.39866666666666667
0.37291280148423,0.418,0.8166666666666667,60,baseline_xgb,0,2,0.39866666666666667
0.9090909090909091,0.418,0.8166666666666667,30,transformer_finbert,0,3,0.39866666666666667
0.3710575139146568,0.418,0.8166666666666667,60,baseline_xgb,0,3,0.39866666666666667
0.9090909090909091,0.418,0.8166666666666667,30,transformer_finbert,0,4,0.39866666666666667
0.3877551020408163,0.418,0.8166666666666667,60,baseline_xgb,0,4,0.39866666666666667
0.9090909090909091,0.418,0.8166666666666667,30,transformer_finbert,0,5,0.39866666666666667
0.4174397031539889,0.418,0.8166666666666667,60,baseline_xgb,0,5,0.39866666666666667
0.9090909090909091,0.418,0.8166666666666667,30,transformer_finbert,0,6,0.39866666666666667
0.36363636363636365,0.418,0.8166666666666667,60,baseline_xgb,0,6,0.39866666666666667
0.9090909090909091,0.418,0.8166666666666667,30,transformer_finbert,0,7,0.39866666666666667
0.3580705009276438,0.418,0.8166666666666667,60,baseline_xgb,0,7,0.39866666666666667
0.9090909090909091,0.418,0.8166666666666667,30,transformer_finbert,0,8,0.39866666666666667
0.3692022263450835,0.418,0.8166666666666667,60,baseline_xgb,0,8,0.39866666666666667
0.9090909090909091,0.418,0.8166666666666667,30,transformer_finbert,0,9,0.39866666666666667
0.3692022263450835,0.418,0.8166666666666667,60,baseline_xgb,0,9,0.39866666666666667
0.4,0.39285714285714285,0.43333333333333335,30,transformer_finbert,1,0,0.0404761904761905
0.47171945701357465,0.39285714285714285,0.43333333333333335,60,baseline_xgb,1,0,0.0404761904761905
0.624,0.39285714285714285,0.43333333333333335,30,transformer_finbert,1,1,0.0404761904761905
0.48416289592760187,0.39285714285714285,0.43333333333333335,60,baseline_xgb,1,1,0.0404761904761905
0.52,0.39285714285714285,0.43333333333333335,30,transformer_finbert,1,2,0.0404761904761905
0.503393665158371,0.39285714285714285,0.43333333333333335,60,baseline_xgb,1,2,0.0404761904761905
0.40800000000000003,0.39285714285714285,0.43333333333333335,30,transformer_finbert,1,3,0.0404761904761905
0.497737556561086,0.39285714285714285,0.43333333333333335,60,baseline_xgb,1,3,0.0404761904761905
0.592,0.39285714285714285,0.43333333333333335,30,transformer_finbert,1,4,0.0404761904761905
0.5067873303167421,0.39285714285714285,0.43333333333333335,60,baseline_xgb,1,4,0.0404761904761905
0.456,0.39285714285714285,0.43333333333333335,30,transformer_finbert,1,5,0.0404761904761905
0.5305429864253394,0.39285714285714285,0.43333333333333335,60,baseline_xgb,1,5,0.0404761904761905
0.376,0.39285714285714285,0.43333333333333335,30,transformer_finbert,1,6,0.0404761904761905
0.503393665158371,0.39285714285714285,0.43333333333333335,60,baseline_xgb,1,6,0.0404761904761905
0.38399999999999995,0.39285714285714285,0.43333333333333335,30,transformer_finbert,1,7,0.0404761904761905
0.48190045248868785,0.39285714285714285,0.43333333333333335,60,baseline_xgb,1,7,0.0404761904761905
0.464,0.39285714285714285,0.43333333333333335,30,transformer_finbert,1,8,0.0404761904761905
0.5113122171945702,0.39285714285714285,0.43333333333333335,60,baseline_xgb,1,8,0.0404761904761905
0.36,0.39285714285714285,0.43333333333333335,30,transformer_finbert,1,9,0.0404761904761905
0.503393665158371,0.39285714285714285,0.43333333333333335,60,baseline_xgb,1,9,0.0404761904761905
0.10227272727272727,0.4338709677419355,0.3333333333333333,30,transformer_finbert,2,0,-0.1005376344086022
0.43125,0.4338709677419355,0.3333333333333333,60,baseline_xgb,2,0,-0.1005376344086022
0.1590909090909091,0.4338709677419355,0.3333333333333333,30,transformer_finbert,2,1,-0.1005376344086022
0.3875,0.4338709677419355,0.3333333333333333,60,baseline_xgb,2,1,-0.1005376344086022
0.08522727272727272,0.4338709677419355,0.3333333333333333,30,transformer_finbert,2,2,-0.1005376344086022
0.44625000000000004,0.4338709677419355,0.3333333333333333,60,baseline_xgb,2,2,-0.1005376344086022
0.005681818181818177,0.4338709677419355,0.3333333333333333,30,transformer_finbert,2,3,-0.1005376344086022
0.44625,0.4338709677419355,0.3333333333333333,60,baseline_xgb,2,3,-0.1005376344086022
0.02272727272727272,0.4338709677419355,0.3333333333333333,30,transformer_finbert,2,4,-0.1005376344086022
0.43125,0.4338709677419355,0.3333333333333333,60,baseline_xgb,2,4,-0.1005376344086022
0.06818181818181818,0.4338709677419355,0.3333333333333333,30,transformer_finbert,2,5,-0.1005376344086022
0.43875000000000003,0.4338709677419355,0.3333333333333333,60,baseline_xgb,2,5,-0.1005376344086022
0.03977272727272728,0.4338709677419355,0.3333333333333333,30,transformer_finbert,2,6,-0.1005376344086022
0.42374999999999996,0.4338709677419355,0.3333333333333333,60,baseline_xgb,2,6,-0.1005376344086022
0.10795454545454546,0.4338709677419355,0.3333333333333333,30,transformer_finbert,2,7,-0.1005376344086022
0.425,0.4338709677419355,0.3333333333333333,60,baseline_xgb,2,7,-0.1005376344086022
0.03977272727272728,0.4338709677419355,0.3333333333333333,30,transformer_finbert,2,8,-0.1005376344086022
0.43875,0.4338709677419355,0.3333333333333333,60,baseline_xgb,2,8,-0.1005376344086022
0.13636363636363635,0.4338709677419355,0.3333333333333333,30,transformer_finbert,2,9,-0.1005376344086022
0.42000000000000004,0.4338709677419355,0.3333333333333333,60,baseline_xgb,2,9,-0.1005376344086022
0.48863636363636365,0.4338235294117647,0.3333333333333333,30,transformer_finbert,3,0,-0.1004901960784314
0.8875,0.4338235294117647,0.3333333333333333,60,baseline_xgb,3,0,-0.1004901960784314
0.7386363636363636,0.4338235294117647,0.3333333333333333,30,transformer_finbert,3,1,-0.1004901960784314
0.84375,0.4338235294117647,0.3333333333333333,60,baseline_xgb,3,1,-0.1004901960784314
0.875,0.4338235294117647,0.3333333333333333,30,transformer_finbert,3,2,-0.1004901960784314
0.9037499999999999,0.4338235294117647,0.3333333333333333,60,baseline_xgb,3,2,-0.1004901960784314
0.9147727272727273,0.4338235294117647,0.3333333333333333,30,transformer_finbert,3,3,-0.1004901960784314
0.89125,0.4338235294117647,0.3333333333333333,60,baseline_xgb,3,3,-0.1004901960784314
0.9375,0.4338235294117647,0.3333333333333333,30,transformer_finbert,3,4,-0.1004901960784314
0.87875,0.4338235294117647,0.3333333333333333,60,baseline_xgb,3,4,-0.1004901960784314
0.8636363636363636,0.4338235294117647,0.3333333333333333,30,transformer_finbert,3,5,-0.1004901960784314
0.8899999999999999,0.4338235294117647,0.3333333333333333,60,baseline_xgb,3,5,-0.1004901960784314
0.8636363636363636,0.4338235294117647,0.3333333333333333,30,transformer_finbert,3,6,-0.1004901960784314
0.89375,0.4338235294117647,0.3333333333333333,60,baseline_xgb,3,6,-0.1004901960784314
0.8806818181818181,0.4338235294117647,0.3333333333333333,30,transformer_finbert,3,7,-0.1004901960784314
0.9025,0.4338235294117647,0.3333333333333333,60,baseline_xgb,3,7,-0.1004901960784314
0.8863636363636364,0.4338235294117647,0.3333333333333333,30,transformer_finbert,3,8,-0.1004901960784314
0.87375,0.4338235294117647,0.3333333333333333,60,baseline_xgb,3,8,-0.1004901960784314
0.9090909090909091,0.4338235294117647,0.3333333333333333,30,transformer_finbert,3,9,-0.1004901960784314
0.865,0.4338235294117647,0.3333333333333333,60,baseline_xgb,3,9,-0.1004901960784314
0.9389140271493213,0.42567567567567566,0.43333333333333335,60,baseline_xgb,4,0,0.0076576576576576905
0.9445701357466063,0.42567567567567566,0.43333333333333335,60,baseline_xgb,4,1,0.0076576576576576905
0.9343891402714932,0.42567567567567566,0.43333333333333335,60,baseline_xgb,4,2,0.0076576576576576905
0.9287330316742081,0.42567567567567566,0.43333333333333335,60,baseline_xgb,4,3,0.0076576576576576905
0.9298642533936652,0.42567567567567566,0.43333333333333335,60,baseline_xgb,4,4,0.0076576576576576905
0.9151583710407241,0.42567567567567566,0.43333333333333335,60,baseline_xgb,4,5,0.0076576576576576905
0.927601809954751,0.42567567567567566,0.43333333333333335,60,baseline_xgb,4,6,0.0076576576576576905
0.9343891402714932,0.42567567567567566,0.43333333333333335,60,baseline_xgb,4,7,0.0076576576576576905
0.9332579185520362,0.42567567567567566,0.43333333333333335,60,baseline_xgb,4,8,0.0076576576576576905
0.9400452488687783,0.42567567567567566,0.43333333333333335,60,baseline_xgb,4,9,0.0076576576576576905
0.4814814814814815,0.41875,0.1,60,baseline_xgb,5,0,-0.31875
0.5123456790123457,0.41875,0.1,60,baseline_xgb,5,1,-0.31875
0.5154320987654322,0.41875,0.1,60,baseline_xgb,5,2,-0.31875
0.5432098765432098,0.41875,0.1,60,baseline_xgb,5,3,-0.31875
0.49691358024691357,0.41875,0.1,60,baseline_xgb,5,4,-0.31875
0.5246913580246914,0.41875,0.1,60,baseline_xgb,5,5,-0.31875
0.5216049382716049,0.41875,0.1,60,baseline_xgb,5,6,-0.31875
0.5277777777777778,0.41875,0.1,60,baseline_xgb,5,7,-0.31875
0.4660493827160494,0.41875,0.1,60,baseline_xgb,5,8,-0.31875
0.5246913580246914,0.41875,0.1,60,baseline_xgb,5,9,-0.31875
0.5277777777777778,0.4197674418604651,0.4166666666666667,30,transformer_finbert,6,0,-0.003100775193798422
0.6468571428571428,0.4197674418604651,0.4166666666666667,60,baseline_xgb,6,0,-0.003100775193798422
0.49537037037037035,0.4197674418604651,0.4166666666666667,30,transformer_finbert,6,1,-0.003100775193798422
0.5942857142857143,0.4197674418604651,0.4166666666666667,60,baseline_xgb,6,1,-0.003100775193798422
0.087962962962963,0.4197674418604651,0.4166666666666667,30,transformer_finbert,6,2,-0.003100775193798422
0.6285714285714286,0.4197674418604651,0.4166666666666667,60,baseline_xgb,6,2,-0.003100775193798422
0.2638888888888889,0.4197674418604651,0.4166666666666667,30,transformer_finbert,6,3,-0.003100775193798422
0.6262857142857142,0.4197674418604651,0.4166666666666667,60,baseline_xgb,6,3,-0.003100775193798422
0.35648148148148145,0.4197674418604651,0.4166666666666667,30,transformer_finbert,6,4,-0.003100775193798422
0.6228571428571428,0.4197674418604651,0.4166666666666667,60,baseline_xgb,6,4,-0.003100775193798422
0.09259259259259262,0.4197674418604651,0.4166666666666667,30,transformer_finbert,6,5,-0.003100775193798422
0.5348571428571429,0.4197674418604651,0.4166666666666667,60,baseline_xgb,6,5,-0.003100775193798422
0.07407407407407411,0.4197674418604651,0.4166666666666667,30,transformer_finbert,6,6,-0.003100775193798422
0.6205714285714286,0.4197674418604651,0.4166666666666667,60,baseline_xgb,6,6,-0.003100775193798422
0.10185185185185189,0.4197674418604651,0.4166666666666667,30,transformer_finbert,6,7,-0.003100775193798422
0.6262857142857143,0.4197674418604651,0.4166666666666667,60,baseline_xgb,6,7,-0.003100775193798422
0.19907407407407407,0.4197674418604651,0.4166666666666667,30,transformer_finbert,6,8,-0.003100775193798422
0.5851428571428572,0.4197674418604651,0.4166666666666667,60,baseline_xgb,6,8,-0.003100775193798422
0.19907407407407413,0.4197674418604651,0.4166666666666667,30,transformer_finbert,6,9,-0.003100775193798422
0.6114285714285714,0.4197674418604651,0.4166666666666667,60,baseline_xgb,6,9,-0.003100775193798422
0.18500000000000003,0.39891304347826084,0.4,30,transformer_finbert,7,0,0.0010869565217391797
0.4560185185185185,0.39891304347826084,0.4,60,baseline_xgb,7,0,0.0010869565217391797
0.19500000000000003,0.39891304347826084,0.4,30,transformer_finbert,7,1,0.0010869565217391797
0.4386574074074074,0.39891304347826084,0.4,60,baseline_xgb,7,1,0.0010869565217391797
0.24500000000000002,0.39891304347826084,0.4,30,transformer_finbert,7,2,0.0010869565217391797
0.45138888888888884,0.39891304347826084,0.4,60,baseline_xgb,7,2,0.0010869565217391797
0.775,0.39891304347826084,0.4,30,transformer_finbert,7,3,0.0010869565217391797
0.3888888888888889,0.39891304347826084,0.4,60,baseline_xgb,7,3,0.0010869565217391797
0.175,0.39891304347826084,0.4,30,transformer_finbert,7,4,0.0010869565217391797
0.4375,0.39891304347826084,0.4,60,baseline_xgb,7,4,0.0010869565217391797
0.775,0.39891304347826084,0.4,30,transformer_finbert,7,5,0.0010869565217391797
0.39120370370370366,0.39891304347826084,0.4,60,baseline_xgb,7,5,0.0010869565217391797
0.42,0.39891304347826084,0.4,30,transformer_finbert,7,6,0.0010869565217391797
0.4224537037037037,0.39891304347826084,0.4,60,baseline_xgb,7,6,0.0010869565217391797
0.21000000000000002,0.39891304347826084,0.4,30,transformer_finbert,7,7,0.0010869565217391797
0.4212962962962963,0.39891304347826084,0.4,60,baseline_xgb,7,7,0.0010869565217391797
0.17,0.39891304347826084,0.4,30,transformer_finbert,7,8,0.0010869565217391797
0.4097222222222222,0.39891304347826084,0.4,60,baseline_xgb,7,8,0.0010869565217391797
0.87,0.39891304347826084,0.4,30,transformer_finbert,7,9,0.0010869565217391797
0.40162037037037035,0.39891304347826084,0.4,60,baseline_xgb,7,9,0.0010869565217391797
0.6898148148148148,0.4,0.35,30,transformer_finbert,8,0,-0.050000000000000044
0.6336996336996336,0.4,0.35,60,baseline_xgb,8,0,-0.050000000000000044
0.8472222222222222,0.4,0.35,30,transformer_finbert,8,1,-0.050000000000000044
0.6507936507936508,0.4,0.35,60,baseline_xgb,8,1,-0.050000000000000044
0.46296296296296297,0.4,0.35,30,transformer_finbert,8,2,-0.050000000000000044
0.6642246642246642,0.4,0.35,60,baseline_xgb,8,2,-0.050000000000000044
0.10648148148148148,0.4,0.35,30,transformer_finbert,8,3,-0.050000000000000044
0.6105006105006106,0.4,0.35,60,baseline_xgb,8,3,-0.050000000000000044
0.75,0.4,0.35,30,transformer_finbert,8,4,-0.050000000000000044
0.667887667887668,0.4,0.35,60,baseline_xgb,8,4,-0.050000000000000044
0.4074074074074074,0.4,0.35,30,transformer_finbert,8,5,-0.050000000000000044
0.6068376068376069,0.4,0.35,60,baseline_xgb,8,5,-0.050000000000000044
0.46759259259259256,0.4,0.35,30,transformer_finbert,8,6,-0.050000000000000044
0.6483516483516483,0.4,0.35,60,baseline_xgb,8,6,-0.050000000000000044
0.8101851851851851,0.4,0.35,30,transformer_finbert,8,7,-0.050000000000000044
0.6141636141636141,0.4,0.35,60,baseline_xgb,8,7,-0.050000000000000044
0.41203703703703703,0.4,0.35,30,transformer_finbert,8,8,-0.050000000000000044
0.6434676434676435,0.4,0.35,60,baseline_xgb,8,8,-0.050000000000000044
0.41203703703703703,0.4,0.35,30,transformer_finbert,8,9,-0.050000000000000044
0.6422466422466422,0.4,0.35,60,baseline_xgb,8,9,-0.050000000000000044
0.56,0.4,0.25,60,baseline_xgb,9,0,-0.15000000000000002
0.6014814814814815,0.4,0.25,60,baseline_xgb,9,1,-0.15000000000000002
0.5777777777777778,0.4,0.25,60,baseline_xgb,9,2,-0.15000000000000002
0.5614814814814815,0.4,0.25,60,baseline_xgb,9,3,-0.15000000000000002
0.5866666666666667,0.4,0.25,60,baseline_xgb,9,4,-0.15000000000000002
0.5762962962962963,0.4,0.25,60,baseline_xgb,9,5,-0.15000000000000002
0.5777777777777777,0.4,0.25,60,baseline_xgb,9,6,-0.15000000000000002
0.5614814814814815,0.4,0.25,60,baseline_xgb,9,7,-0.15000000000000002
0.5748148148148148,0.4,0.25,60,baseline_xgb,9,8,-0.15000000000000002
0.5674074074074074,0.4,0.25,60,baseline_xgb,9,9,-0.15000000000000002
0.0,0.3972727272727273,0.43333333333333335,30,transformer_finbert,10,0,0.03606060606060607
0.4909502262443439,0.3972727272727273,0.43333333333333335,60,baseline_xgb,10,0,0.03606060606060607
0.07692307692307693,0.3972727272727273,0.43333333333333335,30,transformer_finbert,10,1,0.03606060606060607
0.4377828054298643,0.3972727272727273,0.43333333333333335,60,baseline_xgb,10,1,0.03606060606060607
0.22115384615384615,0.3972727272727273,0.43333333333333335,30,transformer_finbert,10,2,0.03606060606060607
0.4807692307692307,0.3972727272727273,0.43333333333333335,60,baseline_xgb,10,2,0.03606060606060607
0.15384615384615385,0.3972727272727273,0.43333333333333335,30,transformer_finbert,10,3,0.03606060606060607
0.44796380090497734,0.3972727272727273,0.43333333333333335,60,baseline_xgb,10,3,0.03606060606060607
1.0,0.3972727272727273,0.43333333333333335,30,transformer_finbert,10,4,0.03606060606060607
0.4954751131221719,0.3972727272727273,0.43333333333333335,60,baseline_xgb,10,4,0.03606060606060607
0.13461538461538464,0.3972727272727273,0.43333333333333335,30,transformer_finbert,10,5,0.03606060606060607
0.5520361990950227,0.3972727272727273,0.43333333333333335,60,baseline_xgb,10,5,0.03606060606060607
0.2403846153846154,0.3972727272727273,0.43333333333333335,30,transformer_finbert,10,6,0.03606060606060607
0.4762443438914027,0.3972727272727273,0.43333333333333335,60,baseline_xgb,10,6,0.03606060606060607
0.0,0.3972727272727273,0.43333333333333335,30,transformer_finbert,10,7,0.03606060606060607
0.5407239819004525,0.3972727272727273,0.43333333333333335,60,baseline_xgb,10,7,0.03606060606060607
0.17307692307692307,0.3972727272727273,0.43333333333333335,30,transformer_finbert,10,8,0.03606060606060607
0.5271493212669683,0.3972727272727273,0.43333333333333335,60,baseline_xgb,10,8,0.03606060606060607
0.07692307692307693,0.3972727272727273,0.43333333333333335,30,transformer_finbert,10,9,0.03606060606060607
0.4751131221719457,0.3972727272727273,0.43333333333333335,60,baseline_xgb,10,9,0.03606060606060607
0.42857142857142855,0.3896551724137931,0.55,30,transformer_finbert,11,0,0.16034482758620694
0.4983164983164983,0.3896551724137931,0.55,60,baseline_xgb,11,0,0.16034482758620694
0.7950310559006211,0.3896551724137931,0.55,30,transformer_finbert,11,1,0.16034482758620694
0.5903479236812571,0.3896551724137931,0.55,60,baseline_xgb,11,1,0.16034482758620694
0.4285714285714286,0.3896551724137931,0.55,30,transformer_finbert,11,2,0.16034482758620694
0.4983164983164983,0.3896551724137931,0.55,60,baseline_xgb,11,2,0.16034482758620694
0.6211180124223602,0.3896551724137931,0.55,30,transformer_finbert,11,3,0.16034482758620694
0.5297418630751964,0.3896551724137931,0.55,60,baseline_xgb,11,3,0.16034482758620694
0.577639751552795,0.3896551724137931,0.55,30,transformer_finbert,11,4,0.16034482758620694
0.5151515151515151,0.3896551724137931,0.55,60,baseline_xgb,11,4,0.16034482758620694
0.19254658385093168,0.3896551724137931,0.55,30,transformer_finbert,11,5,0.16034482758620694
0.5196408529741863,0.3896551724137931,0.55,60,baseline_xgb,11,5,0.16034482758620694
0.17391304347826084,0.3896551724137931,0.55,30,transformer_finbert,11,6,0.16034482758620694
0.54320987654321,0.3896551724137931,0.55,60,baseline_xgb,11,6,0.16034482758620694
0.20496894409937888,0.3896551724137931,0.55,30,transformer_finbert,11,7,0.16034482758620694
0.5555555555555556,0.3896551724137931,0.55,60,baseline_xgb,11,7,0.16034482758620694
0.3478260869565218,0.3896551724137931,0.55,30,transformer_finbert,11,8,0.16034482758620694
0.5230078563411897,0.3896551724137931,0.55,60,baseline_xgb,11,8,0.16034482758620694
0.40993788819875776,0.3896551724137931,0.55,30,transformer_finbert,11,9,0.16034482758620694
0.5207631874298542,0.3896551724137931,0.55,60,baseline_xgb,11,9,0.16034482758620694
0.2631578947368421,0.3918032786885246,0.7666666666666667,30,transformer_finbert,12,0,0.3748633879781421
0.2919254658385093,0.3918032786885246,0.7666666666666667,60,baseline_xgb,12,0,0.3748633879781421
0.4401913875598086,0.3918032786885246,0.7666666666666667,30,transformer_finbert,12,1,0.3748633879781421
0.3338509316770186,0.3918032786885246,0.7666666666666667,60,baseline_xgb,12,1,0.3748633879781421
0.33492822966507174,0.3918032786885246,0.7666666666666667,30,transformer_finbert,12,2,0.3748633879781421
0.3198757763975155,0.3918032786885246,0.7666666666666667,60,baseline_xgb,12,2,0.3748633879781421
0.36842105263157887,0.3918032786885246,0.7666666666666667,30,transformer_finbert,12,3,0.3748633879781421
0.3059006211180124,0.3918032786885246,0.7666666666666667,60,baseline_xgb,12,3,0.3748633879781421
0.49282296650717705,0.3918032786885246,0.7666666666666667,30,transformer_finbert,12,4,0.3748633879781421
0.30745341614906835,0.3918032786885246,0.7666666666666667,60,baseline_xgb,12,4,0.3748633879781421
0.2344497607655502,0.3918032786885246,0.7666666666666667,30,transformer_finbert,12,5,0.3748633879781421
0.3214285714285714,0.3918032786885246,0.7666666666666667,60,baseline_xgb,12,5,0.3748633879781421
0.2200956937799043,0.3918032786885246,0.7666666666666667,30,transformer_finbert,12,6,0.3748633879781421
0.31521739130434784,0.3918032786885246,0.7666666666666667,60,baseline_xgb,12,6,0.3748633879781421
0.03349282296650718,0.3918032786885246,0.7666666666666667,30,transformer_finbert,12,7,0.3748633879781421
0.2919254658385093,0.3918032786885246,0.7666666666666667,60,baseline_xgb,12,7,0.3748633879781421
0.2535885167464115,0.3918032786885246,0.7666666666666667,30,transformer_finbert,12,8,0.3748633879781421
0.31677018633540377,0.3918032786885246,0.7666666666666667,60,baseline_xgb,12,8,0.3748633879781421
0.3588516746411483,0.3918032786885246,0.7666666666666667,30,transformer_finbert,12,9,0.3748633879781421
0.3229813664596274,0.3918032786885246,0.7666666666666667,60,baseline_xgb,12,9,0.3748633879781421
0.5582386363636364,0.39921875,0.7333333333333333,60,baseline_xgb,13,0,0.33411458333333327
0.5539772727272727,0.39921875,0.7333333333333333,60,baseline_xgb,13,1,0.33411458333333327
0.5596590909090909,0.39921875,0.7333333333333333,60,baseline_xgb,13,2,0.33411458333333327
0.5539772727272728,0.39921875,0.7333333333333333,60,baseline_xgb,13,3,0.33411458333333327
0.5042613636363636,0.39921875,0.7333333333333333,60,baseline_xgb,13,4,0.33411458333333327
0.5369318181818181,0.39921875,0.7333333333333333,60,baseline_xgb,13,5,0.33411458333333327
0.53125,0.39921875,0.7333333333333333,60,baseline_xgb,13,6,0.33411458333333327
0.546875,0.39921875,0.7333333333333333,60,baseline_xgb,13,7,0.33411458333333327
0.5880681818181819,0.39921875,0.7333333333333333,60,baseline_xgb,13,8,0.33411458333333327
0.5781249999999999,0.39921875,0.7333333333333333,60,baseline_xgb,13,9,0.33411458333333327
0.7291666666666667,0.41567164179104477,0.65,30,transformer_finbert,14,0,0.23432835820895526
0.44322344322344326,0.41567164179104477,0.65,60,baseline_xgb,14,0,0.23432835820895526
0.736111111111111,0.41567164179104477,0.65,30,transformer_finbert,14,1,0.23432835820895526
0.3687423687423688,0.41567164179104477,0.65,60,baseline_xgb,14,1,0.23432835820895526
0.8125,0.41567164179104477,0.65,30,transformer_finbert,14,2,0.23432835820895526
0.3626373626373626,0.41567164179104477,0.65,60,baseline_xgb,14,2,0.23432835820895526
0.9583333333333334,0.41567164179104477,0.65,30,transformer_finbert,14,3,0.23432835820895526
0.3907203907203907,0.41567164179104477,0.65,60,baseline_xgb,14,3,0.23432835820895526
0.6111111111111112,0.41567164179104477,0.65,30,transformer_finbert,14,4,0.23432835820895526
0.4053724053724054,0.41567164179104477,0.65,60,baseline_xgb,14,4,0.23432835820895526
0.7430555555555556,0.41567164179104477,0.65,30,transformer_finbert,14,5,0.23432835820895526
0.42002442002442003,0.41567164179104477,0.65,60,baseline_xgb,14,5,0.23432835820895526
0.4652777777777778,0.41567164179104477,0.65,30,transformer_finbert,14,6,0.23432835820895526
0.3504273504273504,0.41567164179104477,0.65,60,baseline_xgb,14,6,0.23432835820895526
0.7083333333333334,0.41567164179104477,0.65,30,transformer_finbert,14,7,0.23432835820895526
0.36507936507936506,0.41567164179104477,0.65,60,baseline_xgb,14,7,0.23432835820895526
1.0,0.41567164179104477,0.65,30,transformer_finbert,14,8,0.23432835820895526
0.3846153846153846,0.41567164179104477,0.65,60,baseline_xgb,14,8,0.23432835820895526
0.45833333333333337,0.41567164179104477,0.65,30,transformer_finbert,14,9,0.23432835820895526
0.40048840048840056,0.41567164179104477,0.65,60,baseline_xgb,14,9,0.23432835820895526
0.8472222222222221,0.42928571428571427,0.26666666666666666,30,transformer_finbert,15,0,-0.1626190476190476
0.42045454545454547,0.42928571428571427,0.26666666666666666,60,baseline_xgb,15,0,-0.1626190476190476
0.8333333333333333,0.42928571428571427,0.26666666666666666,30,transformer_finbert,15,1,-0.1626190476190476
0.41051136363636365,0.42928571428571427,0.26666666666666666,60,baseline_xgb,15,1,-0.1626190476190476
0.6944444444444443,0.42928571428571427,0.26666666666666666,30,transformer_finbert,15,2,-0.1626190476190476
0.4147727272727273,0.42928571428571427,0.26666666666666666,60,baseline_xgb,15,2,-0.1626190476190476
0.7824074074074073,0.42928571428571427,0.26666666666666666,30,transformer_finbert,15,3,-0.1626190476190476
0.453125,0.42928571428571427,0.26666666666666666,60,baseline_xgb,15,3,-0.1626190476190476
0.16203703703703703,0.42928571428571427,0.26666666666666666,30,transformer_finbert,15,4,-0.1626190476190476
0.43607954545454547,0.42928571428571427,0.26666666666666666,60,baseline_xgb,15,4,-0.1626190476190476
0.5740740740740741,0.42928571428571427,0.26666666666666666,30,transformer_finbert,15,5,-0.1626190476190476
0.4176136363636364,0.42928571428571427,0.26666666666666666,60,baseline_xgb,15,5,-0.1626190476190476
0.8796296296296295,0.42928571428571427,0.26666666666666666,30,transformer_finbert,15,6,-0.1626190476190476
0.40198863636363635,0.42928571428571427,0.26666666666666666,60,baseline_xgb,15,6,-0.1626190476190476
0.8472222222222221,0.42928571428571427,0.26666666666666666,30,transformer_finbert,15,7,-0.1626190476190476
0.4389204545454546,0.42928571428571427,0.26666666666666666,60,baseline_xgb,15,7,-0.1626190476190476
0.8472222222222221,0.42928571428571427,0.26666666666666666,30,transformer_finbert,15,8,-0.1626190476190476
0.43607954545454547,0.42928571428571427,0.26666666666666666,60,baseline_xgb,15,8,-0.1626190476190476
0.8425925925925924,0.42928571428571427,0.26666666666666666,30,transformer_finbert,15,9,-0.1626190476190476
0.4133522727272727,0.42928571428571427,0.26666666666666666,60,baseline_xgb,15,9,-0.1626190476190476
0.6307977736549165,0.4383561643835616,0.8166666666666667,60,baseline_xgb,16,0,0.37831050228310503
0.6623376623376624,0.4383561643835616,0.8166666666666667,60,baseline_xgb,16,1,0.37831050228310503
0.673469387755102,0.4383561643835616,0.8166666666666667,60,baseline_xgb,16,2,0.37831050228310503
0.6623376623376623,0.4383561643835616,0.8166666666666667,60,baseline_xgb,16,3,0.37831050228310503
0.6586270871985158,0.4383561643835616,0.8166666666666667,60,baseline_xgb,16,4,0.37831050228310503
0.6419294990723561,0.4383561643835616,0.8166666666666667,60,baseline_xgb,16,5,0.37831050228310503
0.6159554730983302,0.4383561643835616,0.8166666666666667,60,baseline_xgb,16,6,0.37831050228310503
0.6289424860853432,0.4383561643835616,0.8166666666666667,60,baseline_xgb,16,7,0.37831050228310503
0.5788497217068646,0.4383561643835616,0.8166666666666667,60,baseline_xgb,16,8,0.37831050228310503
0.5955473098330241,0.4383561643835616,0.8166666666666667,60,baseline_xgb,16,9,0.37831050228310503
0.14814814814814814,0.43157894736842106,0.6166666666666667,30,transformer_finbert,17,0,0.18508771929824563
0.7450058754406581,0.43157894736842106,0.6166666666666667,60,baseline_xgb,17,0,0.18508771929824563
0.8148148148148148,0.43157894736842106,0.6166666666666667,30,transformer_finbert,17,1,0.18508771929824563
0.7978848413631022,0.43157894736842106,0.6166666666666667,60,baseline_xgb,17,1,0.18508771929824563
0.162037037037037,0.43157894736842106,0.6166666666666667,30,transformer_finbert,17,2,0.18508771929824563
0.7837837837837839,0.43157894736842106,0.6166666666666667,60,baseline_xgb,17,2,0.18508771929824563
0.6990740740740741,0.43157894736842106,0.6166666666666667,30,transformer_finbert,17,3,0.18508771929824563
0.7884841363102233,0.43157894736842106,0.6166666666666667,60,baseline_xgb,17,3,0.18508771929824563
0.47222222222222227,0.43157894736842106,0.6166666666666667,30,transformer_finbert,17,4,0.18508771929824563
0.8061104582843713,0.43157894736842106,0.6166666666666667,60,baseline_xgb,17,4,0.18508771929824563
0.08796296296296298,0.43157894736842106,0.6166666666666667,30,transformer_finbert,17,5,0.18508771929824563
0.7790834312573444,0.43157894736842106,0.6166666666666667,60,baseline_xgb,17,5,0.18508771929824563
0.8657407407407408,0.43157894736842106,0.6166666666666667,30,transformer_finbert,17,6,0.18508771929824563
0.8037602820211516,0.43157894736842106,0.6166666666666667,60,baseline_xgb,17,6,0.18508771929824563
0.8703703703703705,0.43157894736842106,0.6166666666666667,30,transformer_finbert,17,7,0.18508771929824563
0.8213866039952996,0.43157894736842106,0.6166666666666667,60,baseline_xgb,17,7,0.18508771929824563
0.2962962962962963,0.43157894736842106,0.6166666666666667,30,transformer_finbert,17,8,0.18508771929824563
0.7567567567567568,0.43157894736842106,0.6166666666666667,60,baseline_xgb,17,8,0.18508771929824563
0.0787037037037037,0.43157894736842106,0.6166666666666667,30,transformer_finbert,17,9,0.18508771929824563
0.7908343125734429,0.43157894736842106,0.6166666666666667,60,baseline_xgb,17,9,0.18508771929824563
0.9937888198757765,0.4462025316455696,0.85,30,transformer_finbert,18,0,0.40379746835443037
0.4357298474945534,0.4462025316455696,0.85,60,baseline_xgb,18,0,0.40379746835443037
0.006211180124223605,0.4462025316455696,0.85,30,transformer_finbert,18,1,0.40379746835443037
0.4226579520697168,0.4462025316455696,0.85,60,baseline_xgb,18,1,0.40379746835443037
0.9565217391304348,0.4462025316455696,0.85,30,transformer_finbert,18,2,0.40379746835443037
0.4422657952069716,0.4462025316455696,0.85,60,baseline_xgb,18,2,0.40379746835443037
0.5714285714285714,0.4462025316455696,0.85,30,transformer_finbert,18,3,0.40379746835443037
0.4596949891067539,0.4462025316455696,0.85,60,baseline_xgb,18,3,0.40379746835443037
0.006211180124223605,0.4462025316455696,0.85,30,transformer_finbert,18,4,0.40379746835443037
0.44880174291938996,0.4462025316455696,0.85,60,baseline_xgb,18,4,0.40379746835443037
0.0,0.4462025316455696,0.85,30,transformer_finbert,18,5,0.40379746835443037
0.45533769063180823,0.4462025316455696,0.85,60,baseline_xgb,18,5,0.40379746835443037
0.9627329192546584,0.4462025316455696,0.85,30,transformer_finbert,18,6,0.40379746835443037
0.5076252723311547,0.4462025316455696,0.85,60,baseline_xgb,18,6,0.40379746835443037
0.22360248447204972,0.4462025316455696,0.85,30,transformer_finbert,18,7,0.40379746835443037
0.4684095860566449,0.4462025316455696,0.85,60,baseline_xgb,18,7,0.40379746835443037
0.9937888198757765,0.4462025316455696,0.85,30,transformer_finbert,18,8,0.40379746835443037
0.477124183006536,0.4462025316455696,0.85,60,baseline_xgb,18,8,0.40379746835443037
0.9937888198757765,0.4462025316455696,0.85,30,transformer_finbert,18,9,0.40379746835443037
0.4618736383442266,0.4462025316455696,0.85,60,baseline_xgb,18,9,0.40379746835443037
0.01388888888888889,0.4524390243902439,0.75,30,transformer_finbert,19,0,0.2975609756097561
0.36296296296296293,0.4524390243902439,0.75,60,baseline_xgb,19,0,0.2975609756097561
0.048611111111111105,0.4524390243902439,0.75,30,transformer_finbert,19,1,0.2975609756097561
0.3985185185185185,0.4524390243902439,0.75,60,baseline_xgb,19,1,0.2975609756097561
0.006944444444444442,0.4524390243902439,0.75,30,transformer_finbert,19,2,0.2975609756097561
0.3511111111111111,0.4524390243902439,0.75,60,baseline_xgb,19,2,0.2975609756097561
0.9861111111111112,0.4524390243902439,0.75,30,transformer_finbert,19,3,0.2975609756097561
0.33925925925925926,0.4524390243902439,0.75,60,baseline_xgb,19,3,0.2975609756097561
0.48611111111111105,0.4524390243902439,0.75,30,transformer_finbert,19,4,0.2975609756097561
0.3362962962962963,0.4524390243902439,0.75,60,baseline_xgb,19,4,0.2975609756097561
0.03472222222222222,0.4524390243902439,0.75,30,transformer_finbert,19,5,0.2975609756097561
0.36296296296296293,0.4524390243902439,0.75,60,baseline_xgb,19,5,0.2975609756097561
0.027777777777777776,0.4524390243902439,0.75,30,transformer_finbert,19,6,0.2975609756097561
0.36740740740740735,0.4524390243902439,0.75,60,baseline_xgb,19,6,0.2975609756097561
0.1111111111111111,0.4524390243902439,0.75,30,transformer_finbert,19,7,0.2975609756097561
0.3244444444444444,0.4524390243902439,0.75,60,baseline_xgb,19,7,0.2975609756097561
0.027777777777777776,0.4524390243902439,0.75,30,transformer_finbert,19,8,0.2975609756097561
0.3614814814814815,0.4524390243902439,0.75,60,baseline_xgb,19,8,0.2975609756097561
0.006944444444444442,0.4524390243902439,0.75,30,transformer_finbert,19,9,0.2975609756097561
0.35851851851851846,0.4524390243902439,0.75,60,baseline_xgb,19,9,0.2975609756097561
0.9866071428571429,0.46647058823529414,0.5666666666666667,30,transformer_finbert,20,0,0.10019607843137252
0.6821266968325792,0.46647058823529414,0.5666666666666667,60,baseline_xgb,20,0,0.10019607843137252
0.9553571428571429,0.46647058823529414,0.5666666666666667,30,transformer_finbert,20,1,0.10019607843137252
0.6877828054298643,0.46647058823529414,0.5666666666666667,60,baseline_xgb,20,1,0.10019607843137252
0.9464285714285714,0.46647058823529414,0.5666666666666667,30,transformer_finbert,20,2,0.10019607843137252
0.7002262443438915,0.46647058823529414,0.5666666666666667,60,baseline_xgb,20,2,0.10019607843137252
0.9866071428571429,0.46647058823529414,0.5666666666666667,30,transformer_finbert,20,3,0.10019607843137252
0.7296380090497738,0.46647058823529414,0.5666666666666667,60,baseline_xgb,20,3,0.10019607843137252
0.7544642857142858,0.46647058823529414,0.5666666666666667,30,transformer_finbert,20,4,0.10019607843137252
0.6787330316742082,0.46647058823529414,0.5666666666666667,60,baseline_xgb,20,4,0.10019607843137252
0.96875,0.46647058823529414,0.5666666666666667,30,transformer_finbert,20,5,0.10019607843137252
0.6595022624434389,0.46647058823529414,0.5666666666666667,60,baseline_xgb,20,5,0.10019607843137252
0.9866071428571429,0.46647058823529414,0.5666666666666667,30,transformer_finbert,20,6,0.10019607843137252
0.6923076923076922,0.46647058823529414,0.5666666666666667,60,baseline_xgb,20,6,0.10019607843137252
0.9553571428571429,0.46647058823529414,0.5666666666666667,30,transformer_finbert,20,7,0.10019607843137252
0.6753393665158371,0.46647058823529414,0.5666666666666667,60,baseline_xgb,20,7,0.10019607843137252
0.9866071428571429,0.46647058823529414,0.5666666666666667,30,transformer_finbert,20,8,0.10019607843137252
0.7194570135746606,0.46647058823529414,0.5666666666666667,60,baseline_xgb,20,8,0.10019607843137252
0.9866071428571429,0.46647058823529414,0.5666666666666667,30,transformer_finbert,20,9,0.10019607843137252
0.6447963800904978,0.46647058823529414,0.5666666666666667,60,baseline_xgb,20,9,0.10019607843137252
0.935,0.47613636363636364,0.7833333333333333,30,transformer_finbert,21,0,0.3071969696969697
0.8036006546644845,0.47613636363636364,0.7833333333333333,60,baseline_xgb,21,0,0.3071969696969697
1.0,0.47613636363636364,0.7833333333333333,30,transformer_finbert,21,1,0.3071969696969697
0.7774140752864157,0.47613636363636364,0.7833333333333333,60,baseline_xgb,21,1,0.3071969696969697
0.635,0.47613636363636364,0.7833333333333333,30,transformer_finbert,21,2,0.3071969696969697
0.8265139116202945,0.47613636363636364,0.7833333333333333,60,baseline_xgb,21,2,0.3071969696969697
0.0,0.47613636363636364,0.7833333333333333,30,transformer_finbert,21,3,0.3071969696969697
0.8166939443535188,0.47613636363636364,0.7833333333333333,60,baseline_xgb,21,3,0.3071969696969697
0.059999999999999984,0.47613636363636364,0.7833333333333333,30,transformer_finbert,21,4,0.3071969696969697
0.8248772504091653,0.47613636363636364,0.7833333333333333,60,baseline_xgb,21,4,0.3071969696969697
0.17,0.47613636363636364,0.7833333333333333,30,transformer_finbert,21,5,0.3071969696969697
0.8117839607201309,0.47613636363636364,0.7833333333333333,60,baseline_xgb,21,5,0.3071969696969697
0.83,0.47613636363636364,0.7833333333333333,30,transformer_finbert,21,6,0.3071969696969697
0.8412438625204582,0.47613636363636364,0.7833333333333333,60,baseline_xgb,21,6,0.3071969696969697
0.905,0.47613636363636364,0.7833333333333333,30,transformer_finbert,21,7,0.3071969696969697
0.795417348608838,0.47613636363636364,0.7833333333333333,60,baseline_xgb,21,7,0.3071969696969697
0.98,0.47613636363636364,0.7833333333333333,30,transformer_finbert,21,8,0.3071969696969697
0.8625204582651391,0.47613636363636364,0.7833333333333333,60,baseline_xgb,21,8,0.3071969696969697
0.185,0.47613636363636364,0.7833333333333333,30,transformer_finbert,21,9,0.3071969696969697
0.8166939443535188,0.47613636363636364,0.7833333333333333,60,baseline_xgb,21,9,0.3071969696969697
0.5625,0.47912087912087914,0.26666666666666666,30,transformer_finbert,22,0,-0.21245421245421248
0.3565340909090909,0.47912087912087914,0.26666666666666666,60,baseline_xgb,22,0,-0.21245421245421248
0.17410714285714285,0.47912087912087914,0.26666666666666666,30,transformer_finbert,22,1,-0.21245421245421248
0.3252840909090909,0.47912087912087914,0.26666666666666666,60,baseline_xgb,22,1,-0.21245421245421248
0.4508928571428571,0.47912087912087914,0.26666666666666666,30,transformer_finbert,22,2,-0.21245421245421248
0.359375,0.47912087912087914,0.26666666666666666,60,baseline_xgb,22,2,-0.21245421245421248
0.5491071428571428,0.47912087912087914,0.26666666666666666,30,transformer_finbert,22,3,-0.21245421245421248
0.328125,0.47912087912087914,0.26666666666666666,60,baseline_xgb,22,3,-0.21245421245421248
0.4508928571428571,0.47912087912087914,0.26666666666666666,30,transformer_finbert,22,4,-0.21245421245421248
0.3522727272727273,0.47912087912087914,0.26666666666666666,60,baseline_xgb,22,4,-0.21245421245421248
0.5446428571428572,0.47912087912087914,0.26666666666666666,30,transformer_finbert,22,5,-0.21245421245421248
0.3678977272727273,0.47912087912087914,0.26666666666666666,60,baseline_xgb,22,5,-0.21245421245421248
0.39285714285714285,0.47912087912087914,0.26666666666666666,30,transformer_finbert,22,6,-0.21245421245421248
0.34801136363636365,0.47912087912087914,0.26666666666666666,60,baseline_xgb,22,6,-0.21245421245421248
0.42410714285714285,0.47912087912087914,0.26666666666666666,30,transformer_finbert,22,7,-0.21245421245421248
0.3991477272727273,0.47912087912087914,0.26666666666666666,60,baseline_xgb,22,7,-0.21245421245421248
0.4241071428571429,0.47912087912087914,0.26666666666666666,30,transformer_finbert,22,8,-0.21245421245421248
0.35369318181818177,0.47912087912087914,0.26666666666666666,60,baseline_xgb,22,8,-0.21245421245421248
0.4330357142857143,0.47912087912087914,0.26666666666666666,30,transformer_finbert,22,9,-0.21245421245421248
0.3565340909090909,0.47912087912087914,0.26666666666666666,60,baseline_xgb,22,9,-0.21245421245421248
0.5925925925925926,0.4888297872340426,0.7,30,transformer_finbert,23,0,0.21117021276595738
0.1626984126984127,0.4888297872340426,0.7,60,baseline_xgb,23,0,0.21117021276595738
0.9506172839506173,0.4888297872340426,0.7,30,transformer_finbert,23,1,0.21117021276595738
0.12962962962962962,0.4888297872340426,0.7,60,baseline_xgb,23,1,0.21117021276595738
0.6296296296296297,0.4888297872340426,0.7,30,transformer_finbert,23,2,0.21117021276595738
0.1574074074074074,0.4888297872340426,0.7,60,baseline_xgb,23,2,0.21117021276595738
0.9135802469135803,0.4888297872340426,0.7,30,transformer_finbert,23,3,0.21117021276595738
0.12962962962962965,0.4888297872340426,0.7,60,baseline_xgb,23,3,0.21117021276595738
0.5925925925925926,0.4888297872340426,0.7,30,transformer_finbert,23,4,0.21117021276595738
0.1626984126984127,0.4888297872340426,0.7,60,baseline_xgb,23,4,0.21117021276595738
0.0,0.4888297872340426,0.7,30,transformer_finbert,23,5,0.21117021276595738
0.15476190476190477,0.4888297872340426,0.7,60,baseline_xgb,23,5,0.21117021276595738
1.0,0.4888297872340426,0.7,30,transformer_finbert,23,6,0.21117021276595738
0.15079365079365079,0.4888297872340426,0.7,60,baseline_xgb,23,6,0.21117021276595738
0.8888888888888888,0.4888297872340426,0.7,30,transformer_finbert,23,7,0.21117021276595738
0.1468253968253968,0.4888297872340426,0.7,60,baseline_xgb,23,7,0.21117021276595738
0.7283950617283951,0.4888297872340426,0.7,30,transformer_finbert,23,8,0.21117021276595738
0.15079365079365079,0.4888297872340426,0.7,60,baseline_xgb,23,8,0.21117021276595738
0.0,0.4888297872340426,0.7,30,transformer_finbert,23,9,0.21117021276595738
0.1455026455026455,0.4888297872340426,0.7,60,baseline_xgb,23,9,0.21117021276595738
0.6111111111111112,0.48195876288659795,0.5,30,transformer_finbert,24,0,0.018041237113402053
0.5544444444444444,0.48195876288659795,0.5,60,baseline_xgb,24,0,0.018041237113402053
0.013888888888888885,0.48195876288659795,0.5,30,transformer_finbert,24,1,0.018041237113402053
0.54,0.48195876288659795,0.5,60,baseline_xgb,24,1,0.018041237113402053
0.951388888888889,0.48195876288659795,0.5,30,transformer_finbert,24,2,0.018041237113402053
0.5366666666666667,0.48195876288659795,0.5,60,baseline_xgb,24,2,0.018041237113402053
0.048611111111111105,0.48195876288659795,0.5,30,transformer_finbert,24,3,0.018041237113402053
0.5377777777777778,0.48195876288659795,0.5,60,baseline_xgb,24,3,0.018041237113402053
0.875,0.48195876288659795,0.5,30,transformer_finbert,24,4,0.018041237113402053
0.5855555555555556,0.48195876288659795,0.5,60,baseline_xgb,24,4,0.018041237113402053
0.923611111111111,0.48195876288659795,0.5,30,transformer_finbert,24,5,0.018041237113402053
0.5888888888888889,0.48195876288659795,0.5,60,baseline_xgb,24,5,0.018041237113402053
0.39583333333333337,0.48195876288659795,0.5,30,transformer_finbert,24,6,0.018041237113402053
0.5766666666666667,0.48195876288659795,0.5,60,baseline_xgb,24,6,0.018041237113402053
0.7361111111111112,0.48195876288659795,0.5,30,transformer_finbert,24,7,0.018041237113402053
0.49444444444444446,0.48195876288659795,0.5,60,baseline_xgb,24,7,0.018041237113402053
0.08333333333333334,0.48195876288659795,0.5,30,transformer_finbert,24,8,0.018041237113402053
0.5455555555555556,0.48195876288659795,0.5,60,baseline_xgb,24,8,0.018041237113402053
0.14583333333333331,0.48195876288659795,0.5,30,transformer_finbert,24,9,0.018041237113402053
0.5766666666666667,0.48195876288659795,0.5,60,baseline_xgb,24,9,0.018041237113402053
0.9419642857142857,0.4885,0.31666666666666665,30,transformer_finbert,25,0,-0.17183333333333334
0.20282413350449294,0.4885,0.31666666666666665,60,baseline_xgb,25,0,-0.17183333333333334
0.0,0.4885,0.31666666666666665,30,transformer_finbert,25,1,-0.17183333333333334
0.2503209242618742,0.4885,0.31666666666666665,60,baseline_xgb,25,1,-0.17183333333333334
0.14732142857142855,0.4885,0.31666666666666665,30,transformer_finbert,25,2,-0.17183333333333334
0.18100128369704746,0.4885,0.31666666666666665,60,baseline_xgb,25,2,-0.17183333333333334
0.10267857142857142,0.4885,0.31666666666666665,30,transformer_finbert,25,3,-0.17183333333333334
0.20410783055198972,0.4885,0.31666666666666665,60,baseline_xgb,25,3,-0.17183333333333334
0.9642857142857142,0.4885,0.31666666666666665,30,transformer_finbert,25,4,-0.17183333333333334
0.2336328626444159,0.4885,0.31666666666666665,60,baseline_xgb,25,4,-0.17183333333333334
0.9910714285714286,0.4885,0.31666666666666665,30,transformer_finbert,25,5,-0.17183333333333334
0.1938382541720154,0.4885,0.31666666666666665,60,baseline_xgb,25,5,-0.17183333333333334
0.004464285714285712,0.4885,0.31666666666666665,30,transformer_finbert,25,6,-0.17183333333333334
0.21437740693196405,0.4885,0.31666666666666665,60,baseline_xgb,25,6,-0.17183333333333334
0.9910714285714286,0.4885,0.31666666666666665,30,transformer_finbert,25,7,-0.17183333333333334
0.24005134788189986,0.4885,0.31666666666666665,60,baseline_xgb,25,7,-0.17183333333333334
0.9107142857142857,0.4885,0.31666666666666665,30,transformer_finbert,25,8,-0.17183333333333334
0.19897304236200256,0.4885,0.31666666666666665,60,baseline_xgb,25,8,-0.17183333333333334
0.8839285714285714,0.4885,0.31666666666666665,30,transformer_finbert,25,9,-0.17183333333333334
0.23491655969191272,0.4885,0.31666666666666665,60,baseline_xgb,25,9,-0.17183333333333334
0.24107142857142855,0.4888349514563107,0.9333333333333333,60,baseline_xgb,26,0,0.4444983818770227
0.2455357142857143,0.4888349514563107,0.9333333333333333,60,baseline_xgb,26,1,0.4444983818770227
0.21428571428571427,0.4888349514563107,0.9333333333333333,60,baseline_xgb,26,2,0.4444983818770227
0.19642857142857142,0.4888349514563107,0.9333333333333333,60,baseline_xgb,26,3,0.4444983818770227
0.2455357142857143,0.4888349514563107,0.9333333333333333,60,baseline_xgb,26,4,0.4444983818770227
0.2767857142857143,0.4888349514563107,0.9333333333333333,60,baseline_xgb,26,5,0.4444983818770227
0.2544642857142857,0.4888349514563107,0.9333333333333333,60,baseline_xgb,26,6,0.4444983818770227
0.25,0.4888349514563107,0.9333333333333333,60,baseline_xgb,26,7,0.4444983818770227
0.24553571428571427,0.4888349514563107,0.9333333333333333,60,baseline_xgb,26,8,0.4444983818770227
0.24553571428571427,0.4888349514563107,0.9333333333333333,60,baseline_xgb,26,9,0.4444983818770227
0.971590909090909,0.4839622641509434,0.16666666666666666,30,transformer_finbert,27,0,-0.3172955974842767
0.9299999999999999,0.4839622641509434,0.16666666666666666,60,baseline_xgb,27,0,-0.3172955974842767
0.20454545454545453,0.4839622641509434,0.16666666666666666,30,transformer_finbert,27,1,-0.3172955974842767
0.9119999999999999,0.4839622641509434,0.16666666666666666,60,baseline_xgb,27,1,-0.3172955974842767
0.9943181818181819,0.4839622641509434,0.16666666666666666,30,transformer_finbert,27,2,-0.3172955974842767
0.906,0.4839622641509434,0.16666666666666666,60,baseline_xgb,27,2,-0.3172955974842767
0.9943181818181819,0.4839622641509434,0.16666666666666666,30,transformer_finbert,27,3,-0.3172955974842767
0.902,0.4839622641509434,0.16666666666666666,60,baseline_xgb,27,3,-0.3172955974842767
0.017045454545454544,0.4839622641509434,0.16666666666666666,30,transformer_finbert,27,4,-0.3172955974842767
0.88,0.4839622641509434,0.16666666666666666,60,baseline_xgb,27,4,-0.3172955974842767
0.005681818181818177,0.4839622641509434,0.16666666666666666,30,transformer_finbert,27,5,-0.3172955974842767
0.8780000000000001,0.4839622641509434,0.16666666666666666,60,baseline_xgb,27,5,-0.3172955974842767
0.01704545454545453,0.4839622641509434,0.16666666666666666,30,transformer_finbert,27,6,-0.3172955974842767
0.89,0.4839622641509434,0.16666666666666666,60,baseline_xgb,27,6,-0.3172955974842767
0.5909090909090909,0.4839622641509434,0.16666666666666666,30,transformer_finbert,27,7,-0.3172955974842767
0.894,0.4839622641509434,0.16666666666666666,60,baseline_xgb,27,7,-0.3172955974842767
0.9431818181818181,0.4839622641509434,0.16666666666666666,30,transformer_finbert,27,8,-0.3172955974842767
0.9060000000000001,0.4839622641509434,0.16666666666666666,60,baseline_xgb,27,8,-0.3172955974842767
0.26136363636363635,0.4839622641509434,0.16666666666666666,30,transformer_finbert,27,9,-0.3172955974842767
0.898,0.4839622641509434,0.16666666666666666,60,baseline_xgb,27,9,-0.3172955974842767
0.43518518518518523,0.4875,0.65,30,transformer_finbert,29,0,0.16250000000000003
0.575091575091575,0.4875,0.65,60,baseline_xgb,29,0,0.16250000000000003
0.48611111111111116,0.4875,0.65,30,transformer_finbert,29,1,0.16250000000000003
0.5531135531135531,0.4875,0.65,60,baseline_xgb,29,1,0.16250000000000003
0.3148148148148149,0.4875,0.65,30,transformer_finbert,29,2,0.16250000000000003
0.5921855921855922,0.4875,0.65,60,baseline_xgb,29,2,0.16250000000000003
0.6157407407407407,0.4875,0.65,30,transformer_finbert,29,3,0.16250000000000003
0.6336996336996337,0.4875,0.65,60,baseline_xgb,29,3,0.16250000000000003
0.5046296296296297,0.4875,0.65,30,transformer_finbert,29,4,0.16250000000000003
0.590964590964591,0.4875,0.65,60,baseline_xgb,29,4,0.16250000000000003
0.5833333333333334,0.4875,0.65,30,transformer_finbert,29,5,0.16250000000000003
0.608058608058608,0.4875,0.65,60,baseline_xgb,29,5,0.16250000000000003
0.6620370370370371,0.4875,0.65,30,transformer_finbert,29,6,0.16250000000000003
0.5726495726495727,0.4875,0.65,60,baseline_xgb,29,6,0.16250000000000003
0.2685185185185185,0.4875,0.65,30,transformer_finbert,29,7,0.16250000000000003
0.6715506715506715,0.4875,0.65,60,baseline_xgb,29,7,0.16250000000000003
0.34259259259259256,0.4875,0.65,30,transformer_finbert,29,8,0.16250000000000003
0.5873015873015873,0.4875,0.65,60,baseline_xgb,29,8,0.16250000000000003
0.34259259259259256,0.4875,0.65,30,transformer_finbert,29,9,0.16250000000000003
0.5616605616605617,0.4875,0.65,60,baseline_xgb,29,9,0.16250000000000003
0.09876543209876544,0.5046610169491526,0.8,30,transformer_finbert,31,0,0.2953389830508475
0.43576388888888884,0.5046610169491526,0.8,60,baseline_xgb,31,0,0.2953389830508475
0.46913580246913583,0.5046610169491526,0.8,30,transformer_finbert,31,1,0.2953389830508475
0.45486111111111105,0.5046610169491526,0.8,60,baseline_xgb,31,1,0.2953389830508475
0.5679012345679012,0.5046610169491526,0.8,30,transformer_finbert,31,2,0.2953389830508475
0.44270833333333337,0.5046610169491526,0.8,60,baseline_xgb,31,2,0.2953389830508475
0.5925925925925926,0.5046610169491526,0.8,30,transformer_finbert,31,3,0.2953389830508475
0.4383680555555556,0.5046610169491526,0.8,60,baseline_xgb,31,3,0.2953389830508475
0.49382716049382713,0.5046610169491526,0.8,30,transformer_finbert,31,4,0.2953389830508475
0.4565972222222222,0.5046610169491526,0.8,60,baseline_xgb,31,4,0.2953389830508475
0.5802469135802469,0.5046610169491526,0.8,30,transformer_finbert,31,5,0.2953389830508475
0.4375,0.5046610169491526,0.8,60,baseline_xgb,31,5,0.2953389830508475
0.5432098765432098,0.5046610169491526,0.8,30,transformer_finbert,31,6,0.2953389830508475
0.4157986111111111,0.5046610169491526,0.8,60,baseline_xgb,31,6,0.2953389830508475
0.37037037037037035,0.5046610169491526,0.8,30,transformer_finbert,31,7,0.2953389830508475
0.42013888888888884,0.5046610169491526,0.8,60,baseline_xgb,31,7,0.2953389830508475
0.5679012345679012,0.5046610169491526,0.8,30,transformer_finbert,31,8,0.2953389830508475
0.43229166666666663,0.5046610169491526,0.8,60,baseline_xgb,31,8,0.2953389830508475
0.3580246913580247,0.5046610169491526,0.8,30,transformer_finbert,31,9,0.2953389830508475
0.4279513888888889,0.5046610169491526,0.8,60,baseline_xgb,31,9,0.2953389830508475
0.305,0.5169421487603306,0.8166666666666667,30,transformer_finbert,32,0,0.29972451790633603
0.424860853432282,0.5169421487603306,0.8166666666666667,60,baseline_xgb,32,0,0.29972451790633603
0.29500000000000004,0.5169421487603306,0.8166666666666667,30,transformer_finbert,32,1,0.29972451790633603
0.3719851576994434,0.5169421487603306,0.8166666666666667,60,baseline_xgb,32,1,0.29972451790633603
0.265,0.5169421487603306,0.8166666666666667,30,transformer_finbert,32,2,0.29972451790633603
0.36178107606679033,0.5169421487603306,0.8166666666666667,60,baseline_xgb,32,2,0.29972451790633603
0.29000000000000004,0.5169421487603306,0.8166666666666667,30,transformer_finbert,32,3,0.29972451790633603
0.3432282003710575,0.5169421487603306,0.8166666666666667,60,baseline_xgb,32,3,0.29972451790633603
0.30500000000000005,0.5169421487603306,0.8166666666666667,30,transformer_finbert,32,4,0.29972451790633603
0.39239332096474955,0.5169421487603306,0.8166666666666667,60,baseline_xgb,32,4,0.29972451790633603
0.27,0.5169421487603306,0.8166666666666667,30,transformer_finbert,32,5,0.29972451790633603
0.35807050092764375,0.5169421487603306,0.8166666666666667,60,baseline_xgb,32,5,0.29972451790633603
0.28500000000000003,0.5169421487603306,0.8166666666666667,30,transformer_finbert,32,6,0.29972451790633603
0.3042671614100186,0.5169421487603306,0.8166666666666667,60,baseline_xgb,32,6,0.29972451790633603
0.28500000000000003,0.5169421487603306,0.8166666666666667,30,transformer_finbert,32,7,0.29972451790633603
0.4211502782931354,0.5169421487603306,0.8166666666666667,60,baseline_xgb,32,7,0.29972451790633603
0.265,0.5169421487603306,0.8166666666666667,30,transformer_finbert,32,8,0.29972451790633603
0.3107606679035251,0.5169421487603306,0.8166666666666667,60,baseline_xgb,32,8,0.29972451790633603
0.135,0.5169421487603306,0.8166666666666667,30,transformer_finbert,32,9,0.29972451790633603
0.326530612244898,0.5169421487603306,0.8166666666666667,60,baseline_xgb,32,9,0.29972451790633603
0.7525925925925926,0.5237903225806452,0.25,60,baseline_xgb,33,0,-0.2737903225806452
0.7318518518518519,0.5237903225806452,0.25,60,baseline_xgb,33,1,-0.2737903225806452
0.6666666666666667,0.5237903225806452,0.25,60,baseline_xgb,33,2,-0.2737903225806452
0.722962962962963,0.5237903225806452,0.25,60,baseline_xgb,33,3,-0.2737903225806452
0.7051851851851851,0.5237903225806452,0.25,60,baseline_xgb,33,4,-0.2737903225806452
0.642962962962963,0.5237903225806452,0.25,60,baseline_xgb,33,5,-0.2737903225806452
0.6637037037037037,0.5237903225806452,0.25,60,baseline_xgb,33,6,-0.2737903225806452
0.7792592592592592,0.5237903225806452,0.25,60,baseline_xgb,33,7,-0.2737903225806452
0.72,0.5237903225806452,0.25,60,baseline_xgb,33,8,-0.2737903225806452
0.6962962962962964,0.5237903225806452,0.25,60,baseline_xgb,33,9,-0.2737903225806452
0.715,0.5307086614173229,0.38333333333333336,30,transformer_finbert,34,0,-0.1473753280839895
0.5840188014101058,0.5307086614173229,0.38333333333333336,60,baseline_xgb,34,0,-0.1473753280839895
0.16999999999999998,0.5307086614173229,0.38333333333333336,30,transformer_finbert,34,1,-0.1473753280839895
0.6509988249118683,0.5307086614173229,0.38333333333333336,60,baseline_xgb,34,1,-0.1473753280839895
0.03,0.5307086614173229,0.38333333333333336,30,transformer_finbert,34,2,-0.1473753280839895
0.5475910693301997,0.5307086614173229,0.38333333333333336,60,baseline_xgb,34,2,-0.1473753280839895
0.04999999999999999,0.5307086614173229,0.38333333333333336,30,transformer_finbert,34,3,-0.1473753280839895
0.6216216216216216,0.5307086614173229,0.38333333333333336,60,baseline_xgb,34,3,-0.1473753280839895
0.9849999999999999,0.5307086614173229,0.38333333333333336,30,transformer_finbert,34,4,-0.1473753280839895
0.581668625146886,0.5307086614173229,0.38333333333333336,60,baseline_xgb,34,4,-0.1473753280839895
0.9,0.5307086614173229,0.38333333333333336,30,transformer_finbert,34,5,-0.1473753280839895
0.5569917743830788,0.5307086614173229,0.38333333333333336,60,baseline_xgb,34,5,-0.1473753280839895
1.0,0.5307086614173229,0.38333333333333336,30,transformer_finbert,34,6,-0.1473753280839895
0.5945945945945946,0.5307086614173229,0.38333333333333336,60,baseline_xgb,34,6,-0.1473753280839895
0.95,0.5307086614173229,0.38333333333333336,30,transformer_finbert,34,7,-0.1473753280839895
0.5569917743830788,0.5307086614173229,0.38333333333333336,60,baseline_xgb,34,7,-0.1473753280839895
0.72,0.5307086614173229,0.38333333333333336,30,transformer_finbert,34,8,-0.1473753280839895
0.599294947121034,0.5307086614173229,0.38333333333333336,60,baseline_xgb,34,8,-0.1473753280839895
0.485,0.5307086614173229,0.38333333333333336,30,transformer_finbert,34,9,-0.1473753280839895
0.6521739130434783,0.5307086614173229,0.38333333333333336,60,baseline_xgb,34,9,-0.1473753280839895
0.39506172839506176,0.5242307692307693,0.95,30,transformer_finbert,35,0,0.4257692307692307
0.4853801169590643,0.5242307692307693,0.95,60,baseline_xgb,35,0,0.4257692307692307
0.3827160493827161,0.5242307692307693,0.95,30,transformer_finbert,35,1,0.4257692307692307
0.47368421052631576,0.5242307692307693,0.95,60,baseline_xgb,35,1,0.4257692307692307
0.33333333333333337,0.5242307692307693,0.95,30,transformer_finbert,35,2,0.4257692307692307
0.5380116959064327,0.5242307692307693,0.95,60,baseline_xgb,35,2,0.4257692307692307
0.3827160493827161,0.5242307692307693,0.95,30,transformer_finbert,35,3,0.4257692307692307
0.47368421052631576,0.5242307692307693,0.95,60,baseline_xgb,35,3,0.4257692307692307
0.3827160493827161,0.5242307692307693,0.95,30,transformer_finbert,35,4,0.4257692307692307
0.5146198830409356,0.5242307692307693,0.95,60,baseline_xgb,35,4,0.4257692307692307
0.2592592592592593,0.5242307692307693,0.95,30,transformer_finbert,35,5,0.4257692307692307
0.48538011695906436,0.5242307692307693,0.95,60,baseline_xgb,35,5,0.4257692307692307
0.39506172839506176,0.5242307692307693,0.95,30,transformer_finbert,35,6,0.4257692307692307
0.33333333333333337,0.5242307692307693,0.95,60,baseline_xgb,35,6,0.4257692307692307
0.3580246913580247,0.5242307692307693,0.95,30,transformer_finbert,35,7,0.4257692307692307
0.5672514619883041,0.5242307692307693,0.95,60,baseline_xgb,35,7,0.4257692307692307
0.308641975308642,0.5242307692307693,0.95,30,transformer_finbert,35,8,0.4257692307692307
0.5321637426900585,0.5242307692307693,0.95,60,baseline_xgb,35,8,0.4257692307692307
0.22222222222222224,0.5242307692307693,0.95,30,transformer_finbert,35,9,0.4257692307692307
0.38596491228070173,0.5242307692307693,0.95,60,baseline_xgb,35,9,0.4257692307692307
0.1527777777777778,0.5210526315789473,0.4,30,transformer_finbert,36,0,-0.1210526315789473
0.3263888888888889,0.5210526315789473,0.4,60,baseline_xgb,36,0,-0.1210526315789473
0.37962962962962965,0.5210526315789473,0.4,30,transformer_finbert,36,1,-0.1210526315789473
0.30439814814814814,0.5210526315789473,0.4,60,baseline_xgb,36,1,-0.1210526315789473
0.0925925925925926,0.5210526315789473,0.4,30,transformer_finbert,36,2,-0.1210526315789473
0.33796296296296297,0.5210526315789473,0.4,60,baseline_xgb,36,2,-0.1210526315789473
0.0,0.5210526315789473,0.4,30,transformer_finbert,36,3,-0.1210526315789473
0.33564814814814814,0.5210526315789473,0.4,60,baseline_xgb,36,3,-0.1210526315789473
0.5462962962962963,0.5210526315789473,0.4,30,transformer_finbert,36,4,-0.1210526315789473
0.3159722222222222,0.5210526315789473,0.4,60,baseline_xgb,36,4,-0.1210526315789473
0.24537037037037035,0.5210526315789473,0.4,30,transformer_finbert,36,5,-0.1210526315789473
0.27199074074074076,0.5210526315789473,0.4,60,baseline_xgb,36,5,-0.1210526315789473
0.013888888888888888,0.5210526315789473,0.4,30,transformer_finbert,36,6,-0.1210526315789473
0.3113425925925926,0.5210526315789473,0.4,60,baseline_xgb,36,6,-0.1210526315789473
0.3055555555555556,0.5210526315789473,0.4,30,transformer_finbert,36,7,-0.1210526315789473
0.3680555555555556,0.5210526315789473,0.4,60,baseline_xgb,36,7,-0.1210526315789473
0.18055555555555555,0.5210526315789473,0.4,30,transformer_finbert,36,8,-0.1210526315789473
0.33796296296296297,0.5210526315789473,0.4,60,baseline_xgb,36,8,-0.1210526315789473
0.125,0.5210526315789473,0.4,30,transformer_finbert,36,9,-0.1210526315789473
0.2916666666666667,0.5210526315789473,0.4,60,baseline_xgb,36,9,-0.1210526315789473
0.7314814814814815,0.5305147058823529,0.3,30,transformer_finbert,37,0,-0.23051470588235295
0.8240740740740741,0.5305147058823529,0.3,60,baseline_xgb,37,0,-0.23051470588235295
0.37499999999999994,0.5305147058823529,0.3,30,transformer_finbert,37,1,-0.23051470588235295
0.83994708994709,0.5305147058823529,0.3,60,baseline_xgb,37,1,-0.23051470588235295
0.5138888888888888,0.5305147058823529,0.3,30,transformer_finbert,37,2,-0.23051470588235295
0.8227513227513228,0.5305147058823529,0.3,60,baseline_xgb,37,2,-0.23051470588235295
0.7407407407407408,0.5305147058823529,0.3,30,transformer_finbert,37,3,-0.23051470588235295
0.8108465608465609,0.5305147058823529,0.3,60,baseline_xgb,37,3,-0.23051470588235295
0.6018518518518519,0.5305147058823529,0.3,30,transformer_finbert,37,4,-0.23051470588235295
0.8267195767195767,0.5305147058823529,0.3,60,baseline_xgb,37,4,-0.23051470588235295
0.5972222222222222,0.5305147058823529,0.3,30,transformer_finbert,37,5,-0.23051470588235295
0.7949735449735449,0.5305147058823529,0.3,60,baseline_xgb,37,5,-0.23051470588235295
0.4351851851851851,0.5305147058823529,0.3,30,transformer_finbert,37,6,-0.23051470588235295
0.8306878306878307,0.5305147058823529,0.3,60,baseline_xgb,37,6,-0.23051470588235295
0.7453703703703705,0.5305147058823529,0.3,30,transformer_finbert,37,7,-0.23051470588235295
0.8518518518518519,0.5305147058823529,0.3,60,baseline_xgb,37,7,-0.23051470588235295
0.7268518518518519,0.5305147058823529,0.3,30,transformer_finbert,37,8,-0.23051470588235295
0.8425925925925926,0.5305147058823529,0.3,60,baseline_xgb,37,8,-0.23051470588235295
0.6712962962962963,0.5305147058823529,0.3,30,transformer_finbert,37,9,-0.23051470588235295
0.8201058201058201,0.5305147058823529,0.3,60,baseline_xgb,37,9,-0.23051470588235295
0.48000000000000004,0.5276978417266187,0.8166666666666667,30,transformer_finbert,38,0,0.28896882494004794
0.5547309833024119,0.5276978417266187,0.8166666666666667,60,baseline_xgb,38,0,0.28896882494004794
0.88,0.5276978417266187,0.8166666666666667,30,transformer_finbert,38,1,0.28896882494004794
0.5714285714285715,0.5276978417266187,0.8166666666666667,60,baseline_xgb,38,1,0.28896882494004794
0.9840000000000001,0.5276978417266187,0.8166666666666667,30,transformer_finbert,38,2,0.28896882494004794
0.5380333951762524,0.5276978417266187,0.8166666666666667,60,baseline_xgb,38,2,0.28896882494004794
0.936,0.5276978417266187,0.8166666666666667,30,transformer_finbert,38,3,0.28896882494004794
0.5213358070500927,0.5276978417266187,0.8166666666666667,60,baseline_xgb,38,3,0.28896882494004794
0.52,0.5276978417266187,0.8166666666666667,30,transformer_finbert,38,4,0.28896882494004794
0.5510204081632654,0.5276978417266187,0.8166666666666667,60,baseline_xgb,38,4,0.28896882494004794
0.512,0.5276978417266187,0.8166666666666667,30,transformer_finbert,38,5,0.28896882494004794
0.5584415584415584,0.5276978417266187,0.8166666666666667,60,baseline_xgb,38,5,0.28896882494004794
0.456,0.5276978417266187,0.8166666666666667,30,transformer_finbert,38,6,0.28896882494004794
0.5992578849721706,0.5276978417266187,0.8166666666666667,60,baseline_xgb,38,6,0.28896882494004794
0.40800000000000003,0.5276978417266187,0.8166666666666667,30,transformer_finbert,38,7,0.28896882494004794
0.5732838589981447,0.5276978417266187,0.8166666666666667,60,baseline_xgb,38,7,0.28896882494004794
0.456,0.5276978417266187,0.8166666666666667,30,transformer_finbert,38,8,0.28896882494004794
0.5677179962894249,0.5276978417266187,0.8166666666666667,60,baseline_xgb,38,8,0.28896882494004794
0.912,0.5276978417266187,0.8166666666666667,30,transformer_finbert,38,9,0.28896882494004794
0.5324675324675324,0.5276978417266187,0.8166666666666667,60,baseline_xgb,38,9,0.28896882494004794
0.5308641975308641,0.522887323943662,0.55,30,transformer_finbert,39,0,0.027112676056338048
0.861952861952862,0.522887323943662,0.55,60,baseline_xgb,39,0,0.027112676056338048
0.03703703703703705,0.522887323943662,0.55,30,transformer_finbert,39,1,0.027112676056338048
0.8585858585858587,0.522887323943662,0.55,60,baseline_xgb,39,1,0.027112676056338048
0.0,0.522887323943662,0.55,30,transformer_finbert,39,2,0.027112676056338048
0.8619528619528619,0.522887323943662,0.55,60,baseline_xgb,39,2,0.027112676056338048
0.012345679012345696,0.522887323943662,0.55,30,transformer_finbert,39,3,0.027112676056338048
0.8496071829405163,0.522887323943662,0.55,60,baseline_xgb,39,3,0.027112676056338048
0.04938271604938275,0.522887323943662,0.55,30,transformer_finbert,39,4,0.027112676056338048
0.8451178451178452,0.522887323943662,0.55,60,baseline_xgb,39,4,0.027112676056338048
0.0,0.522887323943662,0.55,30,transformer_finbert,39,5,0.027112676056338048
0.8653198653198653,0.522887323943662,0.55,60,baseline_xgb,39,5,0.027112676056338048
1.0,0.522887323943662,0.55,30,transformer_finbert,39,6,0.027112676056338048
0.8462401795735128,0.522887323943662,0.55,60,baseline_xgb,39,6,0.027112676056338048
0.0,0.522887323943662,0.55,30,transformer_finbert,39,7,0.027112676056338048
0.8754208754208754,0.522887323943662,0.55,60,baseline_xgb,39,7,0.027112676056338048
0.5308641975308641,0.522887323943662,0.55,30,transformer_finbert,39,8,0.027112676056338048
0.8754208754208754,0.522887323943662,0.55,60,baseline_xgb,39,8,0.027112676056338048
0.0,0.522887323943662,0.55,30,transformer_finbert,39,9,0.027112676056338048
0.8507295173961841,0.522887323943662,0.55,60,baseline_xgb,39,9,0.027112676056338048
0.0,0.5289655172413793,0.016666666666666666,30,transformer_finbert,40,0,-0.5122988505747126
0.15254237288135597,0.5289655172413793,0.016666666666666666,60,baseline_xgb,40,0,-0.5122988505747126
0.03448275862068961,0.5289655172413793,0.016666666666666666,30,transformer_finbert,40,1,-0.5122988505747126
0.15254237288135597,0.5289655172413793,0.016666666666666666,60,baseline_xgb,40,1,-0.5122988505747126
0.03448275862068961,0.5289655172413793,0.016666666666666666,30,transformer_finbert,40,2,-0.5122988505747126
0.1694915254237288,0.5289655172413793,0.016666666666666666,60,baseline_xgb,40,2,-0.5122988505747126
0.03448275862068961,0.5289655172413793,0.016666666666666666,30,transformer_finbert,40,3,-0.5122988505747126
0.13559322033898302,0.5289655172413793,0.016666666666666666,60,baseline_xgb,40,3,-0.5122988505747126
0.03448275862068961,0.5289655172413793,0.016666666666666666,30,transformer_finbert,40,4,-0.5122988505747126
0.2033898305084746,0.5289655172413793,0.016666666666666666,60,baseline_xgb,40,4,-0.5122988505747126
0.0,0.5289655172413793,0.016666666666666666,30,transformer_finbert,40,5,-0.5122988505747126
0.10169491525423724,0.5289655172413793,0.016666666666666666,60,baseline_xgb,40,5,-0.5122988505747126
0.06896551724137934,0.5289655172413793,0.016666666666666666,30,transformer_finbert,40,6,-0.5122988505747126
0.0847457627118644,0.5289655172413793,0.016666666666666666,60,baseline_xgb,40,6,-0.5122988505747126
0.06896551724137934,0.5289655172413793,0.016666666666666666,30,transformer_finbert,40,7,-0.5122988505747126
0.22033898305084743,0.5289655172413793,0.016666666666666666,60,baseline_xgb,40,7,-0.5122988505747126
0.10344827586206895,0.5289655172413793,0.016666666666666666,30,transformer_finbert,40,8,-0.5122988505747126
0.23728813559322037,0.5289655172413793,0.016666666666666666,60,baseline_xgb,40,8,-0.5122988505747126
0.0,0.5289655172413793,0.016666666666666666,30,transformer_finbert,40,9,-0.5122988505747126
0.1694915254237288,0.5289655172413793,0.016666666666666666,60,baseline_xgb,40,9,-0.5122988505747126
0.8035714285714286,0.5293918918918918,0.4166666666666667,30,transformer_finbert,41,0,-0.11272522522522516
0.5394285714285715,0.5293918918918918,0.4166666666666667,60,baseline_xgb,41,0,-0.11272522522522516
0.8258928571428571,0.5293918918918918,0.4166666666666667,30,transformer_finbert,41,1,-0.11272522522522516
0.5577142857142857,0.5293918918918918,0.4166666666666667,60,baseline_xgb,41,1,-0.11272522522522516
0.8616071428571428,0.5293918918918918,0.4166666666666667,30,transformer_finbert,41,2,-0.11272522522522516
0.5428571428571428,0.5293918918918918,0.4166666666666667,60,baseline_xgb,41,2,-0.11272522522522516
0.6205357142857142,0.5293918918918918,0.4166666666666667,30,transformer_finbert,41,3,-0.11272522522522516
0.5451428571428572,0.5293918918918918,0.4166666666666667,60,baseline_xgb,41,3,-0.11272522522522516
0.6785714285714285,0.5293918918918918,0.4166666666666667,30,transformer_finbert,41,4,-0.11272522522522516
0.536,0.5293918918918918,0.4166666666666667,60,baseline_xgb,41,4,-0.11272522522522516
0.6116071428571428,0.5293918918918918,0.4166666666666667,30,transformer_finbert,41,5,-0.11272522522522516
0.5462857142857143,0.5293918918918918,0.4166666666666667,60,baseline_xgb,41,5,-0.11272522522522516
0.6116071428571428,0.5293918918918918,0.4166666666666667,30,transformer_finbert,41,6,-0.11272522522522516
0.5154285714285715,0.5293918918918918,0.4166666666666667,60,baseline_xgb,41,6,-0.11272522522522516
0.8571428571428571,0.5293918918918918,0.4166666666666667,30,transformer_finbert,41,7,-0.11272522522522516
0.5737142857142857,0.5293918918918918,0.4166666666666667,60,baseline_xgb,41,7,-0.11272522522522516
0.8080357142857142,0.5293918918918918,0.4166666666666667,30,transformer_finbert,41,8,-0.11272522522522516
0.496,0.5293918918918918,0.4166666666666667,60,baseline_xgb,41,8,-0.11272522522522516
0.8258928571428571,0.5293918918918918,0.4166666666666667,30,transformer_finbert,41,9,-0.11272522522522516
0.5691428571428572,0.5293918918918918,0.4166666666666667,60,baseline_xgb,41,9,-0.11272522522522516
0.0,0.519205298013245,0.7166666666666667,30,transformer_finbert,42,0,0.19746136865342168
0.28043775649794805,0.519205298013245,0.7166666666666667,60,baseline_xgb,42,0,0.19746136865342168
0.0,0.519205298013245,0.7166666666666667,30,transformer_finbert,42,1,0.19746136865342168
0.3283173734610123,0.519205298013245,0.7166666666666667,60,baseline_xgb,42,1,0.19746136865342168
0.0,0.519205298013245,0.7166666666666667,30,transformer_finbert,42,2,0.19746136865342168
0.320109439124487,0.519205298013245,0.7166666666666667,60,baseline_xgb,42,2,0.19746136865342168
0.013888888888888885,0.519205298013245,0.7166666666666667,30,transformer_finbert,42,3,0.19746136865342168
0.3461012311901505,0.519205298013245,0.7166666666666667,60,baseline_xgb,42,3,0.19746136865342168
0.0,0.519205298013245,0.7166666666666667,30,transformer_finbert,42,4,0.19746136865342168
0.28317373461012313,0.519205298013245,0.7166666666666667,60,baseline_xgb,42,4,0.19746136865342168
0.0,0.519205298013245,0.7166666666666667,30,transformer_finbert,42,5,0.19746136865342168
0.31600547195622436,0.519205298013245,0.7166666666666667,60,baseline_xgb,42,5,0.19746136865342168
0.0,0.519205298013245,0.7166666666666667,30,transformer_finbert,42,6,0.19746136865342168
0.31326949384404923,0.519205298013245,0.7166666666666667,60,baseline_xgb,42,6,0.19746136865342168
0.0,0.519205298013245,0.7166666666666667,30,transformer_finbert,42,7,0.19746136865342168
0.3543091655266758,0.519205298013245,0.7166666666666667,60,baseline_xgb,42,7,0.19746136865342168
0.0,0.519205298013245,0.7166666666666667,30,transformer_finbert,42,8,0.19746136865342168
0.2913816689466484,0.519205298013245,0.7166666666666667,60,baseline_xgb,42,8,0.19746136865342168
0.0,0.519205298013245,0.7166666666666667,30,transformer_finbert,42,9,0.19746136865342168
0.3064295485636115,0.519205298013245,0.7166666666666667,60,baseline_xgb,42,9,0.19746136865342168
0.6509988249118683,0.5172077922077922,0.38333333333333336,60,baseline_xgb,43,0,-0.13387445887445887
0.662749706227967,0.5172077922077922,0.38333333333333336,60,baseline_xgb,43,1,-0.13387445887445887
0.6486486486486487,0.5172077922077922,0.38333333333333336,60,baseline_xgb,43,2,-0.13387445887445887
0.6392479435957696,0.5172077922077922,0.38333333333333336,60,baseline_xgb,43,3,-0.13387445887445887
0.6474735605170387,0.5172077922077922,0.38333333333333336,60,baseline_xgb,43,4,-0.13387445887445887
0.6509988249118683,0.5172077922077922,0.38333333333333336,60,baseline_xgb,43,5,-0.13387445887445887
0.6686251468860165,0.5172077922077922,0.38333333333333336,60,baseline_xgb,43,6,-0.13387445887445887
0.6709753231492361,0.5172077922077922,0.38333333333333336,60,baseline_xgb,43,7,-0.13387445887445887
0.6662749706227966,0.5172077922077922,0.38333333333333336,60,baseline_xgb,43,8,-0.13387445887445887
0.6545240893066979,0.5172077922077922,0.38333333333333336,60,baseline_xgb,43,9,-0.13387445887445887
0.5231481481481481,0.5210191082802548,0.6,60,baseline_xgb,44,0,0.0789808917197452
0.4965277777777778,0.5210191082802548,0.6,60,baseline_xgb,44,1,0.0789808917197452
0.5173611111111112,0.5210191082802548,0.6,60,baseline_xgb,44,2,0.0789808917197452
0.43518518518518523,0.5210191082802548,0.6,60,baseline_xgb,44,3,0.0789808917197452
0.44328703703703703,0.5210191082802548,0.6,60,baseline_xgb,44,4,0.0789808917197452
0.4652777777777778,0.5210191082802548,0.6,60,baseline_xgb,44,5,0.0789808917197452
0.46527777777777773,0.5210191082802548,0.6,60,baseline_xgb,44,6,0.0789808917197452
0.47916666666666663,0.5210191082802548,0.6,60,baseline_xgb,44,7,0.0789808917197452
0.5729166666666667,0.5210191082802548,0.6,60,baseline_xgb,44,8,0.0789808917197452
0.4560185185185185,0.5210191082802548,0.6,60,baseline_xgb,44,9,0.0789808917197452
0.8636363636363636,0.5184375,0.25,30,transformer_finbert,45,0,-0.2684375
0.2859259259259259,0.5184375,0.25,60,baseline_xgb,45,0,-0.2684375
0.3125,0.5184375,0.25,30,transformer_finbert,45,1,-0.2684375
0.17185185185185187,0.5184375,0.25,60,baseline_xgb,45,1,-0.2684375
0.9147727272727273,0.5184375,0.25,30,transformer_finbert,45,2,-0.2684375
0.1925925925925926,0.5184375,0.25,60,baseline_xgb,45,2,-0.2684375
0.21590909090909094,0.5184375,0.25,30,transformer_finbert,45,3,-0.2684375
0.3525925925925926,0.5184375,0.25,60,baseline_xgb,45,3,-0.2684375
0.9602272727272727,0.5184375,0.25,30,transformer_finbert,45,4,-0.2684375
0.17777777777777778,0.5184375,0.25,60,baseline_xgb,45,4,-0.2684375
0.18181818181818182,0.5184375,0.25,30,transformer_finbert,45,5,-0.2684375
0.23703703703703702,0.5184375,0.25,60,baseline_xgb,45,5,-0.2684375
0.10227272727272727,0.5184375,0.25,30,transformer_finbert,45,6,-0.2684375
0.23703703703703702,0.5184375,0.25,60,baseline_xgb,45,6,-0.2684375
0.8977272727272727,0.5184375,0.25,30,transformer_finbert,45,7,-0.2684375
0.19851851851851854,0.5184375,0.25,60,baseline_xgb,45,7,-0.2684375
0.9261363636363635,0.5184375,0.25,30,transformer_finbert,45,8,-0.2684375
0.15555555555555559,0.5184375,0.25,60,baseline_xgb,45,8,-0.2684375
0.8579545454545455,0.5184375,0.25,30,transformer_finbert,45,9,-0.2684375
0.25333333333333335,0.5184375,0.25,60,baseline_xgb,45,9,-0.2684375
0.8823529411764706,0.5199386503067485,0.6,30,transformer_finbert,46,0,0.08006134969325152
0.7071759259259259,0.5199386503067485,0.6,60,baseline_xgb,46,0,0.08006134969325152
0.9185520361990951,0.5199386503067485,0.6,30,transformer_finbert,46,1,0.08006134969325152
0.7314814814814814,0.5199386503067485,0.6,60,baseline_xgb,46,1,0.08006134969325152
0.8144796380090498,0.5199386503067485,0.6,30,transformer_finbert,46,2,0.08006134969325152
0.7314814814814815,0.5199386503067485,0.6,60,baseline_xgb,46,2,0.08006134969325152
0.8597285067873304,0.5199386503067485,0.6,30,transformer_finbert,46,3,0.08006134969325152
0.7291666666666666,0.5199386503067485,0.6,60,baseline_xgb,46,3,0.08006134969325152
0.8823529411764706,0.5199386503067485,0.6,30,transformer_finbert,46,4,0.08006134969325152
0.6944444444444444,0.5199386503067485,0.6,60,baseline_xgb,46,4,0.08006134969325152
0.8461538461538461,0.5199386503067485,0.6,30,transformer_finbert,46,5,0.08006134969325152
0.7326388888888888,0.5199386503067485,0.6,60,baseline_xgb,46,5,0.08006134969325152
0.841628959276018,0.5199386503067485,0.6,30,transformer_finbert,46,6,0.08006134969325152
0.7303240740740741,0.5199386503067485,0.6,60,baseline_xgb,46,6,0.08006134969325152
0.8642533936651583,0.5199386503067485,0.6,30,transformer_finbert,46,7,0.08006134969325152
0.7048611111111112,0.5199386503067485,0.6,60,baseline_xgb,46,7,0.08006134969325152
0.8371040723981901,0.5199386503067485,0.6,30,transformer_finbert,46,8,0.08006134969325152
0.7326388888888888,0.5199386503067485,0.6,60,baseline_xgb,46,8,0.08006134969325152
0.8642533936651583,0.5199386503067485,0.6,30,transformer_finbert,46,9,0.08006134969325152
0.7245370370370371,0.5199386503067485,0.6,60,baseline_xgb,46,9,0.08006134969325152
0.83,0.5150602409638554,0.16666666666666666,30,transformer_finbert,47,0,-0.34839357429718876
0.948,0.5150602409638554,0.16666666666666666,60,baseline_xgb,47,0,-0.34839357429718876
0.6799999999999999,0.5150602409638554,0.16666666666666666,30,transformer_finbert,47,1,-0.34839357429718876
0.942,0.5150602409638554,0.16666666666666666,60,baseline_xgb,47,1,-0.34839357429718876
0.965,0.5150602409638554,0.16666666666666666,30,transformer_finbert,47,2,-0.34839357429718876
0.908,0.5150602409638554,0.16666666666666666,60,baseline_xgb,47,2,-0.34839357429718876
0.96,0.5150602409638554,0.16666666666666666,30,transformer_finbert,47,3,-0.34839357429718876
0.97,0.5150602409638554,0.16666666666666666,60,baseline_xgb,47,3,-0.34839357429718876
0.89,0.5150602409638554,0.16666666666666666,30,transformer_finbert,47,4,-0.34839357429718876
0.9460000000000001,0.5150602409638554,0.16666666666666666,60,baseline_xgb,47,4,-0.34839357429718876
0.935,0.5150602409638554,0.16666666666666666,30,transformer_finbert,47,5,-0.34839357429718876
0.952,0.5150602409638554,0.16666666666666666,60,baseline_xgb,47,5,-0.34839357429718876
0.985,0.5150602409638554,0.16666666666666666,30,transformer_finbert,47,6,-0.34839357429718876
0.9359999999999999,0.5150602409638554,0.16666666666666666,60,baseline_xgb,47,6,-0.34839357429718876
0.885,0.5150602409638554,0.16666666666666666,30,transformer_finbert,47,7,-0.34839357429718876
0.962,0.5150602409638554,0.16666666666666666,60,baseline_xgb,47,7,-0.34839357429718876
0.8500000000000001,0.5150602409638554,0.16666666666666666,30,transformer_finbert,47,8,-0.34839357429718876
0.9520000000000001,0.5150602409638554,0.16666666666666666,60,baseline_xgb,47,8,-0.34839357429718876
0.975,0.5150602409638554,0.16666666666666666,30,transformer_finbert,47,9,-0.34839357429718876
0.942,0.5150602409638554,0.16666666666666666,60,baseline_xgb,47,9,-0.34839357429718876
0.4867724867724868,0.5165680473372781,0.65,30,transformer_finbert,48,0,0.1334319526627219
0.9145299145299145,0.5165680473372781,0.65,60,baseline_xgb,48,0,0.1334319526627219
0.48677248677248675,0.5165680473372781,0.65,30,transformer_finbert,48,1,0.1334319526627219
0.9023199023199024,0.5165680473372781,0.65,60,baseline_xgb,48,1,0.1334319526627219
0.3492063492063492,0.5165680473372781,0.65,30,transformer_finbert,48,2,0.1334319526627219
0.9010989010989011,0.5165680473372781,0.65,60,baseline_xgb,48,2,0.1334319526627219
0.49206349206349204,0.5165680473372781,0.65,30,transformer_finbert,48,3,0.1334319526627219
0.9157509157509158,0.5165680473372781,0.65,60,baseline_xgb,48,3,0.1334319526627219
0.47089947089947093,0.5165680473372781,0.65,30,transformer_finbert,48,4,0.1334319526627219
0.9133089133089133,0.5165680473372781,0.65,60,baseline_xgb,48,4,0.1334319526627219
0.4074074074074074,0.5165680473372781,0.65,30,transformer_finbert,48,5,0.1334319526627219
0.9230769230769231,0.5165680473372781,0.65,60,baseline_xgb,48,5,0.1334319526627219
0.42328042328042326,0.5165680473372781,0.65,30,transformer_finbert,48,6,0.1334319526627219
0.9242979242979243,0.5165680473372781,0.65,60,baseline_xgb,48,6,0.1334319526627219
0.5502645502645502,0.5165680473372781,0.65,30,transformer_finbert,48,7,0.1334319526627219
0.8754578754578755,0.5165680473372781,0.65,60,baseline_xgb,48,7,0.1334319526627219
0.6084656084656085,0.5165680473372781,0.65,30,transformer_finbert,48,8,0.1334319526627219
0.8913308913308913,0.5165680473372781,0.65,60,baseline_xgb,48,8,0.1334319526627219
0.4021164021164021,0.5165680473372781,0.65,30,transformer_finbert,48,9,0.1334319526627219
0.9218559218559219,0.5165680473372781,0.65,60,baseline_xgb,48,9,0.1334319526627219
0.2013888888888889,0.5104651162790698,0.5333333333333333,30,transformer_finbert,49,0,0.022868217054263562
0.6897321428571428,0.5104651162790698,0.5333333333333333,60,baseline_xgb,49,0,0.022868217054263562
0.15277777777777776,0.5104651162790698,0.5333333333333333,30,transformer_finbert,49,1,0.022868217054263562
0.7287946428571429,0.5104651162790698,0.5333333333333333,60,baseline_xgb,49,1,0.022868217054263562
0.1875,0.5104651162790698,0.5333333333333333,30,transformer_finbert,49,2,0.022868217054263562
0.6863839285714286,0.5104651162790698,0.5333333333333333,60,baseline_xgb,49,2,0.022868217054263562
0.18749999999999997,0.5104651162790698,0.5333333333333333,30,transformer_finbert,49,3,0.022868217054263562
0.7421875,0.5104651162790698,0.5333333333333333,60,baseline_xgb,49,3,0.022868217054263562
0.3958333333333333,0.5104651162790698,0.5333333333333333,30,transformer_finbert,49,4,0.022868217054263562
0.7555803571428572,0.5104651162790698,0.5333333333333333,60,baseline_xgb,49,4,0.022868217054263562
0.1736111111111111,0.5104651162790698,0.5333333333333333,30,transformer_finbert,49,5,0.022868217054263562
0.7299107142857143,0.5104651162790698,0.5333333333333333,60,baseline_xgb,49,5,0.022868217054263562
0.2222222222222222,0.5104651162790698,0.5333333333333333,30,transformer_finbert,49,6,0.022868217054263562
0.7287946428571428,0.5104651162790698,0.5333333333333333,60,baseline_xgb,49,6,0.022868217054263562
0.22916666666666666,0.5104651162790698,0.5333333333333333,30,transformer_finbert,49,7,0.022868217054263562
0.7645089285714285,0.5104651162790698,0.5333333333333333,60,baseline_xgb,49,7,0.022868217054263562
0.23611111111111108,0.5104651162790698,0.5333333333333333,30,transformer_finbert,49,8,0.022868217054263562
0.703125,0.5104651162790698,0.5333333333333333,60,baseline_xgb,49,8,0.022868217054263562
0.1875,0.5104651162790698,0.5333333333333333,30,transformer_finbert,49,9,0.022868217054263562
0.765625,0.5104651162790698,0.5333333333333333,60,baseline_xgb,49,9,0.022868217054263562
0.5535714285714286,0.5128571428571429,0.9333333333333333,60,baseline_xgb,50,0,0.42047619047619045
0.4598214285714286,0.5128571428571429,0.9333333333333333,60,baseline_xgb,50,1,0.42047619047619045
0.4910714285714286,0.5128571428571429,0.9333333333333333,60,baseline_xgb,50,2,0.42047619047619045
0.5357142857142858,0.5128571428571429,0.9333333333333333,60,baseline_xgb,50,3,0.42047619047619045
0.47767857142857145,0.5128571428571429,0.9333333333333333,60,baseline_xgb,50,4,0.42047619047619045
0.5625,0.5128571428571429,0.9333333333333333,60,baseline_xgb,50,5,0.42047619047619045
0.48660714285714285,0.5128571428571429,0.9333333333333333,60,baseline_xgb,50,6,0.42047619047619045
0.5,0.5128571428571429,0.9333333333333333,60,baseline_xgb,50,7,0.42047619047619045
0.5133928571428571,0.5128571428571429,0.9333333333333333,60,baseline_xgb,50,8,0.42047619047619045
0.5,0.5128571428571429,0.9333333333333333,60,baseline_xgb,50,9,0.42047619047619045
