date,n_articles,mean_logit_pos,mean_logit_neg,mean_logit_neu,mean_sentiment
2015-02-11,1,-1.5177091360092163,-1.0471004247665405,0.8308373689651489,2.0
2015-05-26,1,-1.9736512899398804,1.2394026517868042,-1.533958911895752,1.0
2015-06-15,1,-0.9621944427490234,-1.7356204986572266,0.8238010406494141,2.0
2015-07-03,1,-0.8619864583015442,-1.818972110748291,0.83917236328125,2.0
2015-07-20,1,-1.767176628112793,1.764807105064392,-1.7163922786712646,1.0
2015-08-04,1,-0.6771518588066101,-1.9190155267715454,0.4222732186317444,2.0
2015-08-13,1,-1.5228371620178223,-0.8539384603500366,0.5577179193496704,2.0
2015-09-04,1,-1.1617984771728516,-1.0699758529663086,0.259026437997818,2.0
2016-03-07,1,-1.7683124542236328,1.0765650272369385,-1.5821775197982788,1.0
2016-11-03,1,-1.8678081035614014,1.4510469436645508,-1.6555753946304321,1.0
2017-01-26,1,0.6738207340240479,-2.0199999809265137,-1.0418018102645874,0.0
2017-04-10,1,-1.1731276512145996,-1.3267959356307983,-0.15253369510173798,2.0
2017-06-30,1,-1.7704532146453857,1.0566296577453613,-1.702255368232727,1.0
2017-07-24,1,-1.8091450929641724,0.30541178584098816,-1.0323309898376465,1.0
2017-08-01,1,-0.10859672725200653,-2.035027503967285,-0.08373788744211197,2.0
2017-08-08,1,-1.870391845703125,0.9440416097640991,-1.5258201360702515,1.0
2017-12-06,1,-1.4030375480651855,0.17616663873195648,-1.2691556215286255,1.0
2018-07-31,1,1.549243450164795,-1.8497310876846313,-1.4207209348678589,0.0
2019-05-27,1,1.2991751432418823,-1.9492931365966797,-1.292249321937561,0.0
2019-06-11,1,0.17957431077957153,-2.2270984649658203,-0.07939000427722931,0.0
2019-11-20,1,1.7229636907577515,-1.8630192279815674,-1.6580541133880615,0.0
2019-12-19,1,-1.0410332679748535,-1.6592566967010498,0.82939612865448,2.0
2020-01-02,1,-1.1082563400268555,-0.5665003061294556,-1.0086711645126343,1.0
2020-02-24,2,-1.7214289903640747,1.7501956820487976,-1.7108911275863647,1.0
2020-06-18,1,-1.683516025543213,-0.702980101108551,0.5045906901359558,2.0
2020-09-17,1,-1.2325538396835327,-1.4360588788986206,0.7967521548271179,2.0
2020-12-16,1,1.3573192358016968,-2.080367088317871,-1.238194227218628,0.0
2021-03-18,1,-1.314122200012207,-1.5034561157226562,0.8730368614196777,2.0
2021-04-12,2,-0.46993038058280945,-1.5908364653587341,-0.29249948263168335,1.0
2021-04-14,1,-0.8329540491104126,-1.0063199996948242,-0.5756170153617859,2.0
2021-04-15,1,-1.9991028308868408,0.893092930316925,-1.352735161781311,1.0
2021-04-16,1,0.04904269799590111,-2.4113173484802246,0.19952496886253357,2.0
2021-04-20,1,-1.8652722835540771,1.4417568445205688,-1.7675608396530151,1.0
2021-04-21,1,-0.7529972195625305,-0.1988891065120697,-1.5602898597717285,1.0
2021-04-22,2,-0.1366550326347351,-1.2860176265239716,-0.420071005821228,1.0
2021-04-26,1,0.4085453152656555,-2.0075318813323975,-0.678011417388916,0.0
2021-04-28,5,0.628209912776947,-1.549354338645935,-1.3815722227096559,0.2
2021-04-29,4,-1.4967315196990967,0.6728799641132355,-1.4988551437854767,0.75
2021-05-02,1,-1.5188270807266235,-0.9739211797714233,1.0063213109970093,2.0
2021-05-03,3,-0.2861306667327881,-0.2283270557721456,-1.4856038689613342,0.6666666666666666
2021-05-04,8,-1.7246087789535522,0.9367520529776812,-1.258597917854786,1.125
2021-05-05,3,-0.07207636038462321,-1.2080988089243572,-1.2412817080815632,0.6666666666666666
2021-05-06,3,0.2728271385033925,-1.5344395240147908,-0.853245735168457,0.6666666666666666
2021-05-07,1,1.3767976760864258,-1.7782702445983887,-1.5486994981765747,0.0
2021-05-10,1,1.5220489501953125,-1.8139845132827759,-1.6459925174713135,0.0
2021-05-11,3,-0.10274729629357655,-1.7126539548238118,-0.6400977646311125,0.6666666666666666
2021-05-12,1,1.2920562028884888,-2.236492156982422,-1.1779319047927856,0.0
2021-05-18,2,-1.8135905265808105,1.7121815085411072,-1.6916441321372986,1.0
2021-05-19,1,1.433858871459961,-1.8935338258743286,-1.579023003578186,0.0
2021-05-21,1,0.9431648254394531,-1.8419616222381592,-1.2223938703536987,0.0
2021-05-25,4,-1.8789714872837067,0.9479951485991478,-1.2796864658594131,1.0
2021-05-26,1,-0.5653187036514282,-0.8793342113494873,-1.2262846231460571,0.0
2021-05-28,3,-1.0684019029140472,-1.1643484830856323,0.04525990535815557,1.6666666666666667
2021-05-31,1,-0.5364047288894653,-2.175140142440796,0.35071861743927,2.0
2021-06-01,2,-0.6835172921419144,-1.1802996546030045,-0.5227189734578133,1.0
2021-06-02,3,-0.4493899941444397,-0.8598134517669678,-0.7064438263575236,1.0
2021-06-07,5,-0.1688010223209858,-1.5171841382980347,-0.6871007159352303,0.8
2021-06-08,1,-1.7373380661010742,0.8993361592292786,-1.4451980590820312,1.0
2021-06-09,3,-1.1920272707939148,-0.21725864708423615,-1.1349235375722249,0.6666666666666666
2021-06-10,1,-0.4673503339290619,-0.703801691532135,-1.2770696878433228,0.0
2021-06-11,3,-0.7660239934921265,0.5168139934539795,-1.7267715136210124,0.6666666666666666
2021-06-16,1,-1.7212302684783936,1.445334553718567,-1.7403944730758667,1.0
2021-06-17,3,-1.9069790442784627,1.5664782126744587,-1.6185557842254639,1.0
2021-06-21,1,-0.7650899291038513,-1.7403175830841064,0.3997355103492737,2.0
2021-06-22,1,-2.035059690475464,1.4019697904586792,-1.5658735036849976,1.0
2021-06-23,4,-0.6457953453063965,-0.8565250635147095,-0.7237060964107513,1.25
2021-06-24,1,0.8967227935791016,-1.8862358331680298,-1.4004777669906616,0.0
2021-06-25,2,-2.1690486669540405,1.0048655569553375,-1.1980210840702057,1.0
2021-06-28,2,-0.8067690432071686,-0.0831943154335022,-1.2900446951389313,0.5
2021-06-29,3,-0.716855930785338,-0.5863226652145386,-1.1432273983955383,0.3333333333333333
2021-06-30,2,-0.4023407343775034,-1.3659286499023438,-0.6769520342350006,1.0
2021-07-02,1,-1.1251859664916992,-0.6109293699264526,-0.9140672087669373,1.0
2021-07-05,1,-1.7931451797485352,1.6271119117736816,-1.7105677127838135,1.0
2021-07-07,1,-0.14706358313560486,-1.044663667678833,-1.318339228630066,0.0
2021-07-08,1,-1.7815850973129272,1.6507350206375122,-1.7487781047821045,1.0
2021-07-12,3,0.7480305433273315,-1.5302560329437256,-1.3309352397918701,0.6666666666666666
2021-07-14,1,-0.9669479131698608,-0.9267343282699585,-0.7441743612289429,2.0
2021-07-15,1,-1.9582939147949219,1.1202698945999146,-1.4971684217453003,1.0
2021-07-16,1,0.26051628589630127,-1.7952816486358643,-1.047709345817566,0.0
2021-07-19,2,-2.0380831360816956,0.8120001032948494,-0.9208347201347351,1.0
2021-07-21,1,-0.5290803909301758,-2.013272285461426,0.1578584611415863,2.0
2021-07-22,2,-0.4996348023414612,-0.9585503935813904,-1.2008630633354187,0.0
2021-07-23,1,-2.1045143604278564,0.8949600458145142,-1.2024928331375122,1.0
2021-07-26,1,-1.9989116191864014,1.2161474227905273,-1.4704431295394897,1.0
2021-07-27,5,-0.30585042499005793,-0.613126254081726,-1.1935180306434632,0.4
2021-07-28,3,1.0923402110735576,-1.8747169971466064,-1.401891032854716,0.0
2021-07-29,1,-1.9257807731628418,0.9665465354919434,-1.4682484865188599,1.0
2021-08-01,1,-1.490126132965088,-0.9888954758644104,1.0103024244308472,2.0
2021-08-02,4,-0.4282701388001442,-0.6907883659005165,-1.127902440726757,0.5
2021-08-03,3,-1.030132790406545,-0.299436350663503,-1.141333281993866,0.6666666666666666
2021-08-04,1,-0.13430380821228027,-1.374546766281128,-1.136144757270813,0.0
2021-08-06,3,0.5856224695841471,-1.9217272996902466,-0.8520481387774149,0.6666666666666666
2021-08-08,1,1.1571459770202637,-1.6087497472763062,-1.6779155731201172,0.0
2021-08-09,6,-0.4905575215816498,-0.38511177711188793,-1.3520608718196552,0.8333333333333334
2021-08-10,5,-0.6142376661300659,-0.5392763614654541,-1.0660205245018006,0.8
2021-08-11,2,-1.2621192336082458,0.03912365436553955,-0.8906437754631042,1.5
2021-08-16,2,-0.2497030682861805,-2.103369355201721,0.11193203181028366,1.0
2021-08-19,1,-1.8605124950408936,1.5267016887664795,-1.7340075969696045,1.0
2021-08-20,1,1.5439280271530151,-1.8609893321990967,-1.6546823978424072,0.0
2021-08-23,2,-1.719953179359436,0.22185710072517395,-0.6328136324882507,1.5
2021-08-26,1,-1.8888449668884277,1.6318718194961548,-1.6706440448760986,1.0
2021-08-27,1,-1.9751057624816895,1.419547438621521,-1.5615824460983276,1.0
2021-08-30,1,1.2462033033370972,-2.175868511199951,-1.2787957191467285,0.0
2021-08-31,1,-1.9416322708129883,1.5100139379501343,-1.6290217638015747,1.0
2021-09-01,1,-0.6415854692459106,-0.38013097643852234,-1.5058073997497559,1.0
2021-09-02,4,-1.1277626752853394,-0.8188647627830505,-0.3172618467360735,1.25
2021-09-03,1,-0.5227765440940857,-0.7682951092720032,-1.2427312135696411,0.0
2021-09-08,1,-1.903383731842041,1.6304268836975098,-1.6884582042694092,1.0
2021-09-10,2,-1.8233730792999268,1.5430507063865662,-1.7041820883750916,1.0
2021-09-11,1,0.05962282791733742,-1.388582706451416,-1.202013611793518,0.0
2021-09-13,1,-1.8890790939331055,0.8277274370193481,-1.5286720991134644,1.0
2021-09-14,1,0.6614600419998169,-2.1812527179718018,-0.8111939430236816,0.0
2021-09-16,1,-1.8721401691436768,1.6655833721160889,-1.6793384552001953,1.0
2021-09-17,1,-1.875861644744873,1.6186861991882324,-1.7026076316833496,1.0
2021-09-20,2,-0.35152411460876465,-0.3105520009994507,-1.3758419156074524,0.5
2021-09-21,1,0.9521069526672363,-2.1442389488220215,-0.8697315454483032,0.0
2021-09-22,6,0.04411052710687121,-1.5196194350719452,-0.7751743296782175,0.3333333333333333
2021-09-23,2,-1.4931100606918335,-0.7462951391935349,-0.0748780369758606,1.5
2021-09-27,1,-0.964479923248291,-0.8299331665039062,-0.8779988288879395,1.0
2021-09-28,1,-0.8066321611404419,-1.1309715509414673,-0.5830405354499817,2.0
2021-10-04,7,-1.824172786303929,0.5565703511238098,-0.9274758111153331,1.2857142857142858
2021-10-05,2,-0.5495375841856003,-1.6292511820793152,-0.19660280644893646,1.0
2021-10-06,1,-0.6027792692184448,-1.8562486171722412,0.6816815137863159,2.0
2021-10-12,1,-1.8238228559494019,1.6742547750473022,-1.7394055128097534,1.0
2021-10-14,1,-1.6147136688232422,-1.228773832321167,0.8204983472824097,2.0
2021-10-15,5,-0.4801732897758484,-1.3145875811576844,-0.38199169635772706,1.2
2021-10-19,1,-1.8493175506591797,1.6217231750488281,-1.6995820999145508,1.0
2021-10-20,2,-0.48609814047813416,-0.27920329570770264,-1.3115794658660889,0.5
2021-10-21,1,-0.2367500364780426,-1.8513528108596802,-0.365062415599823,0.0
2021-10-26,1,1.2931013107299805,-2.2037320137023926,-1.1912462711334229,0.0
2021-10-27,1,-1.27793288230896,0.8145558834075928,-1.9261828660964966,1.0
2021-10-28,1,-1.3038691282272339,-1.4182240962982178,0.6905410289764404,2.0
2021-10-31,1,-1.430347204208374,-1.1187307834625244,0.9334625005722046,2.0
2021-11-01,1,-0.8529235124588013,-1.0646822452545166,-0.4955920875072479,2.0
2021-11-02,1,-1.679518222808838,1.6821253299713135,-1.7672101259231567,1.0
2021-11-03,5,-0.8652179479598999,-0.5902101427316666,-0.5911532282829285,1.2
2021-11-04,6,-1.2522680908441544,0.081805020570755,-0.9476670896013578,1.1666666666666667
2021-11-05,4,-0.2504182681441307,-1.47954061627388,-0.5274251624941826,1.0
2021-11-08,4,-0.38751205801963806,-1.765702247619629,0.0361291766166687,1.0
2021-11-15,1,-1.7320713996887207,1.4857122898101807,-1.821252465248108,1.0
2021-11-16,1,-2.0177719593048096,-0.30041390657424927,-0.12747034430503845,2.0
2021-11-17,1,-0.5344839096069336,-1.6022266149520874,-0.20013436675071716,2.0
2021-11-18,1,-1.1593537330627441,-1.6404407024383545,0.854638934135437,2.0
2021-11-19,2,-1.2864563763141632,-0.26382017135620117,-0.9820821434259415,1.5
2021-11-22,1,0.21067634224891663,-2.302173614501953,-0.09594029188156128,0.0
2021-11-25,1,-1.8023383617401123,1.7299773693084717,-1.6272848844528198,1.0
2021-11-26,1,0.49113208055496216,-2.2943527698516846,-0.2993428707122803,0.0
2021-12-01,3,-1.5905040701230366,-0.30300483604272205,-0.4666121204694112,1.3333333333333333
2021-12-02,2,0.009253203868865967,-1.9364559650421143,-0.16690629720687866,1.0
2021-12-03,1,0.4949195384979248,-1.5462878942489624,-0.9102441072463989,0.0
2021-12-06,1,-0.7263721823692322,-0.7237955331802368,-1.194611668586731,1.0
2021-12-09,1,-1.5390357971191406,-1.1610822677612305,0.702616810798645,2.0
2021-12-10,3,0.16464771827061972,-1.2802863816420238,-1.0396929581960042,0.3333333333333333
2021-12-13,3,-1.1773038705190022,-0.7482792735099792,-0.5384373267491659,1.0
2021-12-14,1,-1.8353500366210938,1.47209632396698,-1.6975852251052856,1.0
2021-12-15,1,0.995654821395874,-2.2737929821014404,-0.7962456941604614,0.0
2021-12-16,1,0.412129282951355,-2.188826322555542,-0.25936177372932434,0.0
2021-12-29,1,-0.10172182321548462,-2.143993616104126,0.1478736251592636,2.0
2021-12-30,2,-1.5623429417610168,1.4511338472366333,-1.783653199672699,1.0
2022-01-03,3,0.5037069320678711,-1.6024101575215657,-0.9782444139321645,0.0
2022-01-04,5,-0.22878928780555724,-1.744776201248169,-0.164323890209198,1.2
2022-01-07,3,-1.5126731793085735,-0.12946505347887674,-0.48065154751141864,1.3333333333333333
2022-01-08,1,-0.5548164248466492,-2.0013070106506348,0.7940666079521179,2.0
2022-01-11,2,-0.02640289068222046,-1.4655538499355316,-0.4733097553253174,1.0
2022-01-12,2,-0.16143739223480225,-0.41305434703826904,-1.4825816750526428,0.5
2022-01-13,5,-0.9067190259695053,-0.9215312957763672,-0.3558914601802826,1.0
2022-01-14,2,0.3862086236476898,-1.9083016514778137,-0.5590898096561432,1.0
2022-01-16,1,-1.7039897441864014,0.8130379915237427,-1.5382256507873535,1.0
2022-01-17,1,-1.8147555589675903,1.3893494606018066,-1.781218409538269,1.0
2022-01-20,1,-2.076488733291626,0.7271439433097839,-1.1119139194488525,1.0
2022-01-21,1,-1.3945307731628418,0.9989466667175293,-1.86551034450531,1.0
2022-01-25,2,0.8461674749851227,-1.6499590873718262,-1.4035569429397583,0.0
2022-01-26,1,1.0260412693023682,-2.149207592010498,-1.1295690536499023,0.0
2022-01-27,2,0.4375254064798355,-1.7034109234809875,-1.1746965646743774,0.0
2022-01-28,1,-1.877509593963623,1.4934113025665283,-1.765242338180542,1.0
2022-01-31,1,-1.7137893438339233,1.285700798034668,-1.7981116771697998,1.0
2022-02-01,3,-0.5701539516448975,-1.002985656261444,-0.5987798770268759,1.0
2022-02-02,5,-1.2424062609672546,0.10819368362426758,-0.8841346561908722,1.4
2022-02-03,2,-1.3002784848213196,-1.1727022528648376,-0.13738682866096497,2.0
2022-02-04,3,-0.8472835620244344,-0.18406414488951364,-1.1426251778999965,0.6666666666666666
2022-02-07,3,-1.1585537617405255,0.20052504539489746,-1.1839508016904194,0.6666666666666666
2022-02-08,2,-0.4905743971467018,-0.7601651847362518,-1.2756105065345764,1.0
2022-02-09,3,-1.0762416919072468,-0.07807227969169617,-1.5213131507237752,0.6666666666666666
2022-02-10,7,0.16079846929226602,-1.5430597748075212,-0.5965258436543601,0.8571428571428571
2022-02-11,9,-0.9377730741269059,-0.0733050803343455,-1.2382061765011814,0.6666666666666666
2022-02-14,2,1.0809056162834167,-2.020246982574463,-1.0587370842695236,0.0
2022-02-15,4,-0.4307715930044651,-1.2385193333029747,-0.6270718276500702,0.75
2022-02-16,1,-1.8493812084197998,-0.2902982831001282,-0.53907710313797,1.0
2022-02-17,1,-2.2016708850860596,1.081693410873413,-1.1705178022384644,1.0
2022-02-18,2,-0.6311557590961456,-0.8850016593933105,-1.1775209605693817,0.5
2022-02-21,1,-1.9151928424835205,0.7568212747573853,-1.4176267385482788,1.0
2022-02-25,1,0.08806190639734268,-1.4248936176300049,-1.2013686895370483,0.0
2022-02-26,1,-1.779307246208191,1.6438301801681519,-1.7652019262313843,1.0
2022-02-28,1,-0.7357683181762695,-0.4622340798377991,-1.3924044370651245,1.0
2022-03-01,1,-1.025665283203125,0.08235641568899155,-1.6550421714782715,1.0
2022-03-02,3,-1.078656752904256,-0.32065542538960773,-0.8035099307696024,1.0
2022-03-03,7,-1.2996892013720103,0.5619803837367466,-1.0793296694755554,1.2857142857142858
2022-03-04,3,-1.2835828363895416,0.32503120104471844,-1.1234900280833244,1.3333333333333333
2022-03-09,1,-0.4040141701698303,-1.2273640632629395,-1.0283877849578857,0.0
2022-03-14,2,-0.3947535455226898,-0.42398715019226074,-1.2928380370140076,0.5
2022-03-16,1,-0.12987002730369568,-0.9552402496337891,-1.39077627658844,0.0
2022-03-18,1,-0.7182837128639221,-1.6683942079544067,0.18353316187858582,2.0
2022-03-22,1,0.4977250099182129,-2.1717240810394287,-0.8426303863525391,0.0
2022-03-31,1,-1.7822026014328003,1.5105490684509277,-1.771544098854065,1.0
2022-04-01,4,-0.8585574924945831,-1.4884936958551407,0.1184681560844183,1.5
2022-04-04,1,-1.8577628135681152,1.1216962337493896,-1.5795947313308716,1.0
2022-04-05,2,-1.7888494729995728,1.6271771788597107,-1.754113495349884,1.0
2022-04-06,1,0.8196609020233154,-1.99111807346344,-1.1416600942611694,0.0
2022-04-07,1,1.117220163345337,-2.2493953704833984,-1.0452231168746948,0.0
2022-04-08,2,-0.08301866054534912,-0.6967018097639084,-1.4551953673362732,0.5
2022-04-12,1,-2.112159490585327,0.851769208908081,-1.1413257122039795,1.0
2022-04-13,4,-0.9776169955730438,-1.2198202311992645,-0.14133045077323914,1.0
2022-04-14,2,0.7055784463882446,-2.227450132369995,-0.8115285336971283,0.0
2022-04-18,1,1.7994657754898071,-1.9335291385650635,-1.4828212261199951,0.0
2022-04-19,2,-1.536916732788086,-0.18327194452285767,-0.31783974170684814,1.5
2022-04-20,1,-1.9638292789459229,0.3054291605949402,-0.7935807704925537,1.0
2022-04-22,2,0.26748661510646343,-2.130428910255432,-0.43602246046066284,0.0
2022-04-25,2,-1.0213768482208252,-1.21551875770092,-0.1007326990365982,1.5
2022-04-26,2,-1.7808642387390137,1.2701632678508759,-1.7084314227104187,1.0
2022-04-28,2,-0.0076306164264678955,-2.1135302782058716,-0.05947744846343994,1.0
2022-04-29,1,-1.8671261072158813,1.6201952695846558,-1.6618927717208862,1.0
2022-05-02,4,-0.5034438371658325,-2.069714277982712,0.40193238435313106,2.0
2022-05-03,1,-1.8875112533569336,1.1525897979736328,-1.6321324110031128,1.0
2022-05-04,1,-0.902838408946991,-1.727663278579712,0.5654715299606323,2.0
2022-05-06,2,-1.6944077610969543,1.305077314376831,-1.8064322471618652,1.0
2022-05-08,1,-1.657085657119751,-0.8095519542694092,0.8487667441368103,2.0
2022-05-09,8,-0.20031331479549408,-0.3666912168264389,-1.424122005701065,0.75
2022-05-10,2,-1.7403889298439026,1.6840226650238037,-1.752012848854065,1.0
2022-05-11,1,-1.480992078781128,-0.46788614988327026,-0.7587887644767761,1.0
2022-05-12,2,0.3603382706642151,-1.3403162062168121,-1.2298825085163116,0.5
2022-05-14,1,-1.859107255935669,-0.41016384959220886,0.42233365774154663,2.0
2022-05-16,2,1.050522267818451,-1.8530491590499878,-1.157036006450653,0.0
2022-05-17,1,-1.5035498142242432,0.6685507297515869,-1.6088351011276245,1.0
2022-05-18,1,-1.7544034719467163,1.176210880279541,-1.6762032508850098,1.0
2022-05-19,2,-1.4682998657226562,-0.5938310325145721,-0.6169302463531494,1.5
2022-05-20,2,-1.3284322023391724,-1.3096354603767395,0.3417525961995125,2.0
2022-05-23,1,0.12070740014314651,-2.28104829788208,-0.17915505170822144,0.0
2022-05-24,2,-0.444740355014801,-0.8026937246322632,-1.229396939277649,0.5
2022-05-26,2,-0.9763052668422461,-0.9321998190134764,-0.5734204798936844,0.5
2022-05-30,2,-0.19088822603225708,-0.17325282096862793,-1.6057113409042358,0.5
2022-05-31,2,-1.1513959169387817,0.09828299283981323,-1.3676787316799164,0.5
2022-06-01,3,-0.4113662640253703,-1.6791996161142986,-0.04355931282043457,1.3333333333333333
2022-06-03,1,-1.4449965953826904,-1.3183233737945557,0.7512233853340149,2.0
2022-06-08,3,-0.1242926816145579,-0.9733524719874064,-1.0640441477298737,0.3333333333333333
2022-06-09,1,-1.8933844566345215,0.521171510219574,-1.2159043550491333,1.0
2022-06-14,2,-1.0750381350517273,-0.3168538212776184,-0.959649283438921,1.5
2022-06-16,1,-1.8469771146774292,1.6784467697143555,-1.7016911506652832,1.0
2022-06-20,2,0.12886708974838257,-0.5413203239440918,-1.6161288619041443,0.5
2022-06-21,1,-1.9328995943069458,1.1605710983276367,-1.5829545259475708,1.0
2022-06-22,1,-1.7806198596954346,1.303010106086731,-1.6928716897964478,1.0
2022-06-23,1,-1.8249858617782593,1.3889415264129639,-1.738085150718689,1.0
2022-06-27,1,0.9120580554008484,-1.5599523782730103,-1.555924654006958,0.0
2022-06-28,1,-1.6898081302642822,0.9189776182174683,-1.6337677240371704,1.0
2022-06-29,2,-1.3614766597747803,-0.08635008335113525,-0.5645906329154968,1.5
2022-06-30,1,-1.8120248317718506,1.5559130907058716,-1.689296841621399,1.0
2022-07-01,3,-0.43261947234471637,-1.8082205851872761,0.07557463645935059,1.3333333333333333
2022-07-04,2,-1.2919268012046814,0.6223806142807007,-1.502144694328308,1.0
2022-07-05,1,-1.7606602907180786,1.3035868406295776,-1.7625526189804077,1.0
2022-07-06,1,-0.6527439951896667,-1.4119460582733154,-0.6112003326416016,2.0
2022-07-08,4,-1.1769814174622297,-0.20426467061042786,-0.5578930266201496,1.5
2022-07-11,1,-1.762628436088562,1.5490305423736572,-1.7858201265335083,1.0
2022-07-13,1,-1.9528021812438965,-0.5713294744491577,0.25533339381217957,2.0
2022-07-14,3,-1.3354579011599224,0.3412960370381673,-0.9915067354838053,1.3333333333333333
2022-07-15,1,-0.4155188202857971,-1.3379288911819458,-0.9395556449890137,0.0
2022-07-18,1,-2.1966965198516846,0.2587834894657135,-0.3835994303226471,1.0
2022-07-19,2,0.506441280245781,-1.3250224888324738,-1.4137634634971619,0.0
2022-07-20,1,-1.7428407669067383,1.1116963624954224,-1.6624935865402222,1.0
2022-07-22,1,-1.9487154483795166,1.4836549758911133,-1.5976675748825073,1.0
2022-07-28,1,-1.8549556732177734,1.3693734407424927,-1.7262836694717407,1.0
2022-08-01,4,-0.6053012758493423,-1.9614170491695404,0.45503219962120056,1.5
2022-08-02,1,-1.3819060325622559,0.07267481833696365,-1.4237207174301147,1.0
2022-08-03,1,-0.9432309865951538,-1.743369221687317,0.6545654535293579,2.0
2022-08-05,2,-0.5113604068756104,-0.8207190651446581,-0.9755733758211136,0.5
2022-08-07,1,-1.5142284631729126,-0.9933055639266968,1.0211164951324463,2.0
2022-08-08,4,-0.349854052066803,-1.435681313276291,-0.5047433897852898,1.5
2022-08-09,6,-0.48823227485020954,-0.5569818814595541,-0.9833985343963528,1.0
2022-08-11,1,1.3815038204193115,-2.02982759475708,-1.3659411668777466,0.0
2022-08-12,1,1.5074100494384766,-1.8755989074707031,-1.5987399816513062,0.0
2022-08-13,1,0.7853724956512451,-2.295711040496826,-0.8438733816146851,0.0
2022-08-15,1,1.0464720726013184,-1.4009678363800049,-1.7863284349441528,0.0
2022-08-16,1,-0.7489518523216248,-2.027867317199707,0.4773854911327362,2.0
2022-08-18,1,0.8334324359893799,-2.150144100189209,-1.0594666004180908,0.0
2022-08-23,2,-1.6889355182647705,-0.3090689331293106,-0.28131425380706787,1.5
2022-08-24,1,-1.914705753326416,0.42024174332618713,-0.9552206993103027,1.0
2022-08-25,1,0.8807581067085266,-2.1515274047851562,-1.131614327430725,0.0
2022-08-26,2,-1.412707895040512,-0.26238393783569336,-0.4960045665502548,1.5
2022-08-30,2,-1.8339096903800964,1.6896028518676758,-1.5981890559196472,1.0
2022-08-31,2,-1.8383985757827759,0.08023375272750854,-0.4557081609964371,1.5
2022-09-01,8,-1.6518657431006432,-0.2690780605189502,-0.35390185937285423,1.5
2022-09-02,5,-0.944564163684845,-0.32428898811340334,-0.9199727799743413,1.2
2022-09-06,1,-2.237117052078247,0.13421744108200073,-0.30683720111846924,1.0
2022-09-12,1,-0.5757799744606018,-1.8346326351165771,0.17853818833827972,2.0
2022-09-13,3,0.1998765468597412,-1.4455992644652724,-0.9711029529571533,0.3333333333333333
2022-09-16,1,-1.8226412534713745,1.597445011138916,-1.6898921728134155,1.0
2022-09-19,1,-1.515068769454956,0.7421606183052063,-1.840388536453247,1.0
2022-09-20,2,0.13183417916297913,-1.1366589069366455,-1.3763452172279358,0.0
2022-09-22,1,-1.978049874305725,1.593871831893921,-1.6510225534439087,1.0
2022-09-26,3,-1.5509390234947205,0.4483378728230794,-0.8194060524304708,1.3333333333333333
2022-09-27,1,-1.6883691549301147,1.6952533721923828,-1.8000288009643555,1.0
2022-09-28,1,-2.048642158508301,1.5824964046478271,-1.539742112159729,1.0
2022-09-29,2,-1.3698584735393524,-0.11688351631164551,-0.4119786024093628,1.5
2022-09-30,3,-1.5790934562683105,-0.2601840893427531,-0.0021169185638427734,1.6666666666666667
2022-10-03,3,-1.7894742488861084,0.1807556947072347,-0.7331111853321394,1.3333333333333333
2022-10-04,1,-0.20591235160827637,-2.1535918712615967,0.2539675533771515,2.0
2022-10-05,3,-0.3508058786392212,-1.4174799661462505,-0.48361147567629814,1.0
2022-10-07,1,-1.6915627717971802,0.5624877214431763,-1.419777512550354,1.0
2022-10-10,2,-1.9212876558303833,-0.386255219578743,0.0866599977016449,1.5
2022-10-11,4,-1.1409658081829548,-0.8728901445865631,-0.10688597150146961,1.75
2022-10-13,1,-0.9385886788368225,-1.834060549736023,0.4975171685218811,2.0
2022-10-14,2,-1.2901687324047089,-0.05473887920379639,-0.533217191696167,1.5
2022-10-17,1,1.0533767938613892,-2.198512077331543,-0.9579975605010986,0.0
2022-10-18,1,1.1113202571868896,-2.1140289306640625,-1.2519152164459229,0.0
2022-10-19,1,-1.9101017713546753,1.7425446510314941,-1.4912112951278687,1.0
2022-10-21,1,-1.9302889108657837,1.7304315567016602,-1.4799405336380005,1.0
2022-10-22,2,-1.8289428353309631,0.37254029512405396,-0.527457594871521,1.5
2022-10-24,7,-0.8832614975316184,0.03992726121629987,-1.1202829261975629,0.8571428571428571
2022-10-25,2,-1.1406537890434265,-1.473290205001831,0.4189659059047699,2.0
2022-10-26,3,-1.8811362584431965,1.101771076520284,-1.1972618276874225,1.0
2022-10-27,1,1.4567954540252686,-2.0220537185668945,-1.317683219909668,0.0
2022-10-31,2,-0.8996022939682007,-1.8764293789863586,0.7212406396865845,2.0
2022-11-01,2,-1.411929190158844,-1.368196964263916,0.6016320586204529,2.0
2022-11-02,1,-1.9365394115447998,1.3982863426208496,-1.6315120458602905,1.0
2022-11-03,1,-0.5103646516799927,-2.1004576683044434,0.439814031124115,2.0
2022-11-04,1,-2.2385644912719727,0.20721079409122467,-0.4303041994571686,1.0
2022-11-07,1,-1.9094796180725098,1.5834022760391235,-1.630127191543579,1.0
2022-11-08,2,0.5083002746105194,-1.8199560642242432,-0.6690560728311539,1.0
2022-11-09,2,-1.740329921245575,1.6739442348480225,-1.7564715147018433,1.0
2022-11-10,4,0.19313514977693558,-1.8618940114974976,-0.6265337914228439,0.5
2022-11-11,5,-0.7493452548980712,-0.3928400158882141,-1.0008968234062194,1.2
2022-11-13,1,-1.7171752452850342,1.717944860458374,-1.8114279508590698,1.0
2022-11-14,4,-0.4639626443386078,-0.386586457490921,-1.178407371044159,0.5
2022-11-17,2,-0.5616447627544403,-1.4998032450675964,-0.20655571296811104,1.0
2022-11-18,1,-0.847559928894043,-1.6516636610031128,-0.1023685559630394,2.0
2022-11-20,1,-0.5832245349884033,-2.107450485229492,0.6503775715827942,2.0
2022-11-21,2,-1.8976393938064575,0.9240538477897644,-1.441735327243805,1.0
2022-11-22,2,-1.5978553295135498,0.3884766101837158,-1.0697932243347168,1.5
2022-11-23,1,1.2363109588623047,-1.8450946807861328,-1.5690065622329712,0.0
2022-11-25,1,-1.9000273942947388,-0.7468472123146057,0.23542918264865875,2.0
2022-11-28,1,1.2778193950653076,-2.0091843605041504,-1.349403738975525,0.0
2022-11-29,2,-1.3890281319618225,-1.3787647485733032,0.6899167895317078,2.0
2022-12-01,3,-0.4884190360705058,-1.1565251747767131,-0.5449315706888834,1.0
2022-12-02,3,-1.0012142260869343,-1.727773626645406,0.45802753915389377,2.0
2022-12-05,1,-0.9503480195999146,-1.7015001773834229,0.8030970096588135,2.0
2022-12-06,2,-1.3118354678153992,-0.812380313873291,-0.040498286485672,1.5
2022-12-08,2,-1.6364551782608032,0.031298041343688965,-0.33331745862960815,1.5
2022-12-09,1,1.4570807218551636,-1.8345983028411865,-1.5648677349090576,0.0
2022-12-12,2,-1.9356240034103394,-0.20845210552215576,0.16903886198997498,1.5
2022-12-13,1,-1.6827250719070435,1.4982421398162842,-1.806383490562439,1.0
2022-12-14,1,-1.7459051609039307,-1.0241726636886597,0.9034101963043213,2.0
2022-12-15,2,-1.700392723083496,-0.5366113111376762,-0.036424458026885986,1.5
2022-12-16,1,-2.213765859603882,0.13517741858959198,-0.551912248134613,1.0
2022-12-27,1,-1.8001089096069336,1.4760208129882812,-1.6827716827392578,1.0
2022-12-28,1,-2.1495895385742188,1.1179273128509521,-1.2663064002990723,1.0
2022-12-29,1,-0.21908687055110931,-1.9810000658035278,-0.15594932436943054,2.0
2022-12-30,1,-2.0405113697052,-0.7075379490852356,0.6876859664916992,2.0
2023-01-02,2,-1.522515058517456,-1.2215788960456848,0.7351986467838287,2.0
2023-01-03,2,-1.8473978638648987,-0.1965242624282837,-0.3342955708503723,1.5
2023-01-05,1,-1.7789058685302734,-0.6075090169906616,-0.29033616185188293,2.0
2023-01-06,3,-1.6826074918111165,-0.1642919679482778,-0.3885340591271718,1.3333333333333333
2023-01-09,1,-1.7234301567077637,1.3453357219696045,-1.668925404548645,1.0
2023-01-10,1,-1.6033272743225098,-1.2351232767105103,0.6449875235557556,2.0
2023-01-12,2,-1.8986353874206543,1.606174349784851,-1.6769943237304688,1.0
2023-01-13,2,-0.9275181577540934,-0.2956690192222595,-0.819895108230412,0.5
2023-01-14,1,-1.9102742671966553,1.3122258186340332,-1.6383917331695557,1.0
2023-01-16,3,-1.5661472082138062,0.7559489806493124,-1.2874089280764263,1.3333333333333333
2023-01-17,1,-1.8977949619293213,0.7462543845176697,-1.4117852449417114,1.0
2023-01-18,1,0.19346599280834198,-1.2298601865768433,-1.297235131263733,0.0
2023-01-19,4,-2.0142815113067627,1.2929758727550507,-1.3301335126161575,1.0
2023-01-23,6,-0.7961325446764628,0.4174006978670756,-1.5494115153948467,0.6666666666666666
2023-01-25,6,-1.6976067622502644,0.3109663724899292,-0.9026355917255083,1.3333333333333333
2023-01-26,2,-1.6970123648643494,-0.12342879176139832,-0.4195742905139923,1.5
2023-01-27,1,-1.67549729347229,1.5053281784057617,-1.8264260292053223,1.0
2023-01-31,2,-1.750006079673767,1.6078916788101196,-1.7370142936706543,1.0
2023-02-01,6,-0.7643421938021978,-1.2758986353874207,-0.2213524878025055,1.1666666666666667
2023-02-02,1,-0.8133431673049927,-1.8950650691986084,0.3522242307662964,2.0
2023-02-03,2,-1.9980064034461975,0.16217553615570068,-0.5345427319407463,1.5
2023-02-05,1,-1.3624142408370972,-1.1613792181015015,0.9488388299942017,2.0
2023-02-06,1,-2.2011194229125977,0.049037765711545944,-0.26798686385154724,1.0
2023-02-07,3,-1.2264303465684254,-0.6798335686326027,-0.49960007270177204,1.6666666666666667
2023-02-08,8,-0.844756618142128,-0.23221397027373314,-1.2116457242518663,0.625
2023-02-09,2,-1.3085842728614807,-0.09729969501495361,-0.5606064200401306,1.5
2023-02-13,3,-1.4120720128218334,0.07523512685050567,-1.1022690931955974,0.6666666666666666
2023-02-14,1,-1.3903350830078125,-0.3003985583782196,-0.9380277991294861,1.0
2023-02-15,2,-1.1216122508049011,0.297512948513031,-1.1885426044464111,0.5
2023-02-16,1,1.7229576110839844,-1.7552703619003296,-1.7659239768981934,0.0
2023-02-17,4,-0.5261031314730644,-0.45259177684783936,-1.3704839497804642,0.5
2023-02-21,1,-2.0645592212677,0.10801991820335388,-0.5496792197227478,1.0
2023-02-22,1,-1.8472992181777954,1.2195239067077637,-1.7250758409500122,1.0
2023-02-23,1,-1.6171272993087769,-1.0492981672286987,0.5872197151184082,2.0
2023-02-27,1,-2.0116236209869385,-0.34881001710891724,-0.018039418384432793,2.0
2023-03-01,3,-2.0405474503835044,1.2783267100652058,-1.4409398635228474,1.0
2023-03-02,3,-0.704992930094401,-0.9403804490963618,-0.5747795502344767,1.0
2023-03-03,3,-1.212421953678131,-0.8572258551915487,-0.04343843460083008,1.6666666666666667
2023-03-06,1,0.2632747292518616,-1.7143142223358154,-0.8584733009338379,0.0
2023-03-07,1,-2.251275062561035,0.16080887615680695,-0.3550354838371277,1.0
2023-03-13,2,-1.4290799498558044,0.07710850238800049,-0.7352495118975639,1.5
2023-03-14,6,-1.7359742323557537,0.95794149239858,-1.1922061045964558,1.1666666666666667
2023-03-15,1,-1.7502161264419556,1.651587724685669,-1.777677059173584,1.0
2023-03-16,2,-1.4633966088294983,0.7433174550533295,-1.2408956289291382,1.0
2023-03-17,4,-1.7977553606033325,1.7208721935749054,-1.685549408197403,1.0
2023-03-19,1,-1.5643528699874878,-0.9443539381027222,1.047998070716858,2.0
2023-03-20,4,-1.6205781996250153,0.5475430861115456,-0.9865439981222153,1.25
2023-03-21,2,-0.8557387590408325,-1.4592363834381104,-0.2173302425071597,2.0
2023-03-22,1,-2.2764792442321777,0.5898222327232361,-0.4027690887451172,1.0
2023-03-24,3,-1.003062943617503,-0.12470826754967372,-1.0332514345645905,1.3333333333333333
2023-03-28,1,-1.8782967329025269,1.6365818977355957,-1.6303528547286987,1.0
2023-03-29,2,-1.9790882468223572,0.10738974809646606,-0.5240584500133991,1.5
2023-03-31,3,-0.6282427310943604,-1.0148195425669353,-0.48212669293085736,1.0
2023-04-03,2,-1.571855366230011,-1.000523716211319,0.07143469899892807,2.0
2023-04-04,2,-0.5770675539970398,-1.9573639035224915,0.39729127287864685,2.0
2023-04-05,2,-1.5475721955299377,-0.032663583755493164,-0.447052925825119,1.5
2023-04-06,3,-0.9785481293996176,-0.9496869891881943,-0.5937389135360718,1.0
2023-04-11,2,-0.6867253184318542,-1.090293139219284,-0.5579570829868317,1.0
2023-04-12,4,-0.8053289279341698,-0.21827039122581482,-1.1317455023527145,1.0
2023-04-14,2,-0.3092270493507385,-0.42094242572784424,-1.3889437019824982,0.5
2023-04-17,2,-1.9296461939811707,-0.3873469550162554,-0.12486299872398376,1.5
2023-04-19,1,-1.7158746719360352,-0.0777706652879715,-0.8611251711845398,1.0
2023-04-20,1,-1.9035557508468628,1.4124776124954224,-1.6660889387130737,1.0
2023-04-24,2,-1.0994625985622406,-0.19946402311325073,-0.7304944097995758,1.5
2023-04-25,3,-1.031000514825185,0.6511768897374471,-1.621085484822591,0.6666666666666666
2023-04-26,1,-1.8161860704421997,1.542079210281372,-1.8004335165023804,1.0
2023-04-27,2,-2.025860607624054,-0.3053773604333401,-0.042623817920684814,2.0
2023-04-28,1,0.790076732635498,-1.7322906255722046,-1.3646875619888306,0.0
2023-05-02,1,-0.6452285051345825,-1.9728432893753052,0.5102257132530212,2.0
2023-05-03,1,-0.7357578277587891,-1.9203553199768066,0.11744282394647598,2.0
2023-05-04,2,-1.426919162273407,-1.3002232313156128,0.7001814842224121,2.0
2023-05-05,4,-0.18692912440747023,-0.9012978971004486,-1.1504671350121498,0.75
2023-05-07,1,-1.4679677486419678,-0.9971544146537781,0.925198495388031,2.0
2023-05-08,7,-0.06245176706995283,-1.2100423659597124,-1.0137802607246809,0.8571428571428571
2023-05-12,1,0.15438520908355713,-2.3887758255004883,-0.013083843514323235,0.0
2023-05-13,1,-2.091161012649536,1.5489343404769897,-1.3470901250839233,1.0
2023-05-15,1,-0.6942704319953918,-1.8085637092590332,0.13884373009204865,2.0
2023-05-19,4,-0.9302648901939392,-0.21911346912384033,-1.2699238955974579,0.5
2023-05-29,1,-1.225203037261963,-1.113262414932251,-0.29553908109664917,2.0
2023-05-30,3,-1.3881286457180977,-0.3620862265427907,-0.43589653571446735,1.0
2023-05-31,1,-0.9743927717208862,-1.6705803871154785,0.16118396818637848,2.0
2023-06-01,1,0.5429586172103882,-2.2292532920837402,-0.5293671488761902,0.0
2023-06-02,2,-0.5541168749332428,-1.275995910167694,-0.30893659591674805,1.0
2023-06-05,4,-1.5127412602305412,-0.6086688414216042,-0.27142783626914024,1.75
2023-06-07,3,0.11884780352314313,-1.8996949195861816,-0.28893491129080456,1.3333333333333333
2023-06-08,1,-1.3260737657546997,-0.08418377488851547,-1.21713125705719,1.0
2023-06-09,3,-0.5923304955164591,-0.7613498369852701,-0.7621702750523885,1.0
2023-06-10,1,-1.3038458824157715,-1.4351108074188232,0.17053064703941345,2.0
2023-06-12,1,-0.2332836389541626,-0.8341271281242371,-1.3911213874816895,0.0
2023-06-13,2,-1.7926411032676697,1.5708534717559814,-1.7269288897514343,1.0
2023-06-14,2,-1.8461031913757324,0.9361695423722267,-1.3347634375095367,1.0
2023-06-15,4,-1.3563008084893227,-0.2492380142211914,-0.5793676301836967,1.5
2023-06-16,2,-0.13639283180236816,-0.23146915435791016,-1.5017584562301636,0.5
2023-06-19,1,-1.6423540115356445,1.0854064226150513,-1.7328237295150757,1.0
2023-06-20,1,-2.2089121341705322,1.2274010181427002,-1.1188308000564575,1.0
2023-06-21,3,-0.8068111340204874,-0.8240228494008383,-0.5643573602040609,1.0
2023-06-22,2,-1.6646018028259277,-0.32352524995803833,-0.11035871505737305,1.5
2023-06-27,4,-1.1032159328460693,-0.2105381190776825,-0.8926487751305103,1.0
2023-06-29,1,-0.5483006238937378,-1.6206419467926025,-0.2300255000591278,2.0
2023-07-01,1,-2.245065927505493,0.8927403688430786,-0.7931742668151855,1.0
2023-07-03,2,-1.116294264793396,-0.4103182554244995,-0.6953701376914978,1.5
2023-07-04,2,-1.244258999824524,-0.25240135192871094,-0.5645962953567505,1.5
2023-07-05,2,0.3266337364912033,-2.230731248855591,-0.34941788017749786,1.0
2023-07-07,2,0.42332321405410767,-1.739023208618164,-0.88181272149086,1.0
2023-07-10,4,-1.1115109622478485,-0.02919860673137009,-0.9415252669714391,1.0
2023-07-11,2,-1.1782064735889435,-0.16853821277618408,-0.7592493891716003,1.5
2023-07-12,3,-1.5320069789886475,-0.1445523997147878,-0.5600439707438151,1.3333333333333333
2023-07-13,1,0.9925450086593628,-1.4609527587890625,-1.6429314613342285,0.0
2023-07-14,2,-0.26609086990356445,-0.4728431701660156,-1.4057786464691162,0.5
2023-07-16,1,-1.0795719623565674,-1.1824557781219482,-0.16250963509082794,2.0
2023-07-17,4,-1.2562964260578156,-0.9077987298369408,-0.11118006706237793,1.5
2023-07-18,4,-1.4758171141147614,0.26394570618867874,-0.9516380801796913,1.25
2023-07-19,1,-1.7048382759094238,1.6710822582244873,-1.7505648136138916,1.0
2023-07-20,2,0.5474554300308228,-1.4984755516052246,-1.1666451692581177,0.0
2023-07-21,2,1.197475016117096,-2.0119941234588623,-1.2796862423419952,0.0
2023-07-24,4,-1.5096640288829803,0.7011332809925079,-1.1472771167755127,1.25
2023-07-25,3,0.16077487419048944,-1.591727614402771,-0.9685521125793457,0.0
2023-07-26,1,-1.82017183303833,1.1907224655151367,-1.6709283590316772,1.0
2023-07-27,2,-1.5860888361930847,0.3405844569206238,-0.9626242965459824,1.5
2023-07-28,1,-1.7726011276245117,1.665258526802063,-1.750376582145691,1.0
2023-07-31,3,0.6089340845743815,-2.0292484760284424,-0.5358289281527201,0.6666666666666666
2023-08-01,6,-1.0510659416516621,-0.9949810902277628,-0.0734737366437912,1.5
2023-08-02,3,-1.028793253004551,-0.7256328662236532,-0.2764746968944867,1.6666666666666667
2023-08-03,1,-1.7816306352615356,1.6648643016815186,-1.744323492050171,1.0
2023-08-04,1,-1.731195330619812,1.6106116771697998,-1.7797647714614868,1.0
2023-08-06,2,-0.6927783489227295,-1.4490517973899841,0.2445138394832611,1.0
2023-08-07,5,-0.8588444709777832,-0.625428581237793,-0.676191758364439,1.2
2023-08-08,7,-0.9386101194790432,-0.3845937592642648,-0.8236091392380851,1.2857142857142858
2023-08-09,3,-1.2436329225699108,-0.17373258620500565,-0.6998037422696749,0.6666666666666666
2023-08-10,1,0.2647917568683624,-1.2334364652633667,-1.5960460901260376,0.0
2023-08-11,1,-1.6903666257858276,1.7331587076187134,-1.7729560136795044,1.0
2023-08-14,3,-0.387335737546285,-0.04046720887223879,-1.628634770711263,0.6666666666666666
2023-08-15,2,-1.7438971996307373,-0.15554320812225342,-0.24999964237213135,1.5
2023-08-16,2,-1.3234504461288452,-0.2510366439819336,-0.7077337205410004,1.5
2023-08-17,2,-1.789189875125885,1.3038612306118011,-1.671160101890564,1.0
2023-08-18,3,-1.570457398891449,0.4464321235815684,-1.220723827679952,1.0
2023-08-21,1,-1.8599374294281006,1.5290577411651611,-1.6374932527542114,1.0
2023-08-22,2,-1.586191475391388,0.29508257657289505,-1.1481361389160156,1.0
2023-08-23,2,-0.04084742069244385,-1.0472847991622984,-1.2897362112998962,0.5
2023-08-24,4,-1.2056763917207718,-0.12318038940429688,-0.8109162971377373,1.0
2023-08-25,2,-1.9472184777259827,1.4542757272720337,-1.4848951697349548,1.0
2023-08-28,2,0.05270320177078247,-0.8375345319509506,-1.4796209335327148,0.5
2023-08-29,2,-1.742563009262085,0.22409585118293762,-0.9297223389148712,1.0
2023-08-30,2,-1.8181161284446716,1.5923348665237427,-1.7451386451721191,1.0
2023-08-31,4,-1.3990984112024307,-0.22286319732666016,-0.4830903708934784,1.5
2023-09-01,2,-1.1748206615447998,-0.72956807538867,-0.3544507920742035,1.5
2023-09-04,3,-1.183607538541158,0.10332711537679036,-1.1273292303085327,0.6666666666666666
2023-09-05,3,-1.5326784054438274,0.4011117219924927,-0.8837423920631409,1.3333333333333333
2023-09-06,4,-1.8269420564174652,0.25442157010547817,-0.6460677161812782,1.25
2023-09-08,4,-1.5278853550553322,0.30238014459609985,-0.9804068710654974,1.25
2023-09-11,1,0.7146168351173401,-1.7064416408538818,-1.1772056818008423,0.0
2023-09-12,2,-0.3015547338873148,-1.6749823093414307,-0.4427643418312073,1.0
2023-09-13,1,-1.7396526336669922,1.275024175643921,-1.7459136247634888,1.0
2023-09-14,1,-1.659454345703125,0.9141257405281067,-1.5564320087432861,1.0
2023-09-15,2,-0.2878029942512512,-0.2565706968307495,-1.4134699702262878,0.5
2023-09-18,1,-1.7159110307693481,1.6494033336639404,-1.7546918392181396,1.0
2023-09-19,1,-1.7610496282577515,1.6702282428741455,-1.754805326461792,1.0
2023-09-20,2,-0.9990713149309158,-0.6672536730766296,-0.6511169672012329,1.5
2023-09-21,1,-1.7212486267089844,1.7260496616363525,-1.6827192306518555,1.0
2023-09-22,1,-1.9138320684432983,1.4778215885162354,-1.6064409017562866,1.0
2023-09-27,2,-0.579085698351264,-1.0500442385673523,-0.771012432873249,0.5
2023-09-28,1,-0.8774707317352295,-0.041929375380277634,-1.639910340309143,1.0
2023-10-02,2,-1.624074935913086,0.0846514105796814,-0.4081709682941437,1.5
2023-10-03,3,-0.5220800240834554,-0.797356128692627,-0.7180067499478658,1.0
2023-10-04,3,-1.3200035095214844,-0.29022274414698285,-0.5115906000137329,1.3333333333333333
2023-10-05,1,-1.7490508556365967,1.6168982982635498,-1.7127082347869873,1.0
2023-10-06,2,-0.20492935180664062,-0.7554436028003693,-1.3390443325042725,0.5
2023-10-09,1,0.8447918891906738,-1.5492734909057617,-1.4525450468063354,0.0
2023-10-10,1,-0.7119346857070923,-0.22945307195186615,-1.5207816362380981,1.0
2023-10-11,1,-1.5173897743225098,0.8214004039764404,-1.6145528554916382,1.0
2023-10-12,1,-1.8790029287338257,1.6990994215011597,-1.678225040435791,1.0
2023-10-13,1,-1.725780963897705,1.6854605674743652,-1.766185998916626,1.0
2023-10-17,1,-1.733248233795166,1.664085865020752,-1.7750391960144043,1.0
2023-10-18,2,-2.0028034448623657,1.2689290642738342,-1.3323453068733215,1.0
2023-10-19,1,-1.8395161628723145,1.5053918361663818,-1.6856728792190552,1.0
2023-10-20,2,-1.8411855697631836,1.682321548461914,-1.676141381263733,1.0
2023-10-23,2,-0.5972716510295868,-0.24915939569473267,-1.1665318608283997,0.5
2023-10-24,2,0.40916478633880615,-1.6263379454612732,-0.8255505003035069,1.0
2023-10-25,2,-1.0313339531421661,0.49009811878204346,-1.532073974609375,0.5
2023-10-26,1,-1.422709584236145,0.41174229979515076,-1.5512202978134155,1.0
2023-10-27,1,-1.790644645690918,1.5386981964111328,-1.705220341682434,1.0
2023-10-30,2,-1.4018420577049255,-0.20786142349243164,-0.3229849338531494,1.5
2023-10-31,2,-0.4092307388782501,-1.5974987149238586,-0.25735634565353394,1.0
2023-11-01,4,-0.755536861717701,-1.2676656022667885,-0.41351841390132904,1.5
2023-11-03,3,-0.43920491139094037,-0.6486355463663737,-0.9456890026728312,1.0
2023-11-05,2,-1.7908707857131958,-0.22955143451690674,0.041351318359375,1.5
2023-11-06,5,0.08702972531318665,-1.6859572649002075,-0.47553221583366395,0.8
2023-11-07,10,-1.2385511994361877,0.034687267243862153,-1.0226326793432237,1.1
2023-11-08,1,-1.7636953592300415,1.7273772954940796,-1.7137449979782104,1.0
2023-11-09,2,-1.6558358073234558,1.1680054664611816,-1.7758510112762451,1.0
2023-11-10,2,0.4523875378072262,-1.6723361611366272,-1.187722384929657,0.0
2023-11-13,2,0.03233367204666138,-0.05478626489639282,-1.7306726574897766,0.5
2023-11-14,3,-1.1386886934439342,-0.7477840582529703,-0.4034857402245204,1.3333333333333333
2023-11-16,2,-0.4765879958868027,-0.8358025252819061,-1.2267809510231018,1.0
2023-11-17,2,0.9817875325679779,-1.6290987133979797,-1.5096718668937683,0.0
2023-11-18,2,-0.756785387173295,-1.7789827585220337,0.20503682270646095,2.0
2023-11-20,2,-1.7137455940246582,-0.5256816893815994,-0.258929044008255,2.0
2023-11-22,1,-1.8320250511169434,1.4570049047470093,-1.635182499885559,1.0
2023-11-23,4,-1.2334987372159958,-0.6235656468197703,-0.34840812627226114,1.25
2023-11-24,2,-1.9250697493553162,1.4164357781410217,-1.452309489250183,1.0
2023-11-27,3,-1.7461951971054077,0.6069986422856649,-0.8483078678448995,1.3333333333333333
2023-11-28,2,0.24019667506217957,-1.0191118232905865,-1.5496973991394043,0.5
2023-11-29,2,-1.4889912009239197,0.323636531829834,-1.0940952003002167,1.5
2023-11-30,1,-0.23242603242397308,-0.8902156949043274,-1.2578542232513428,0.0
2023-12-01,3,-1.0687339703241985,-1.01340851187706,-0.17198323955138525,1.6666666666666667
2023-12-04,4,-1.1031759977340698,-0.963254451751709,0.040411077439785004,1.75
2023-12-05,3,-1.452834129333496,-0.13993680477142334,-0.6249185105164846,1.3333333333333333
2023-12-06,1,-1.6581120491027832,1.6301448345184326,-1.7965667247772217,1.0
2023-12-07,1,0.8135545253753662,-1.549288034439087,-1.472084879875183,0.0
2023-12-08,1,-1.3878147602081299,0.31582871079444885,-1.512355923652649,1.0
2023-12-11,2,-1.0819475650787354,-0.08962833881378174,-0.7772638946771622,1.5
2023-12-12,1,-1.7085713148117065,1.4735689163208008,-1.7739065885543823,1.0
2023-12-13,2,-0.6968715488910675,0.07103538513183594,-1.5248913764953613,0.5
2023-12-14,1,-1.5571750402450562,1.1157076358795166,-1.7641037702560425,1.0
2023-12-15,1,-1.66215980052948,1.643143653869629,-1.8005356788635254,1.0
2023-12-18,4,-0.32208073139190674,-1.4456614553928375,-0.5885071251541376,0.75
2023-12-19,1,-0.4395769536495209,-0.992383599281311,-0.9955575466156006,0.0
2023-12-20,1,-1.8271108865737915,1.4594247341156006,-1.7209407091140747,1.0
2023-12-21,1,0.48401325941085815,-1.3911480903625488,-1.310758113861084,0.0
2023-12-22,2,-2.1033946871757507,1.0102449655532837,-1.1214511394500732,1.0
2023-12-26,2,-1.156053602695465,-1.6593250632286072,0.7253900468349457,2.0
2023-12-27,1,-0.0358954593539238,-2.194584846496582,-0.1178424209356308,0.0
2023-12-28,1,-0.6205300688743591,-0.07897297292947769,-1.7232943773269653,1.0
2023-12-29,1,-1.0803709030151367,-1.630720615386963,1.0024412870407104,2.0
2024-01-02,4,-0.9348613321781158,-1.2420671731233597,0.038847967982292175,1.75
2024-01-03,2,-1.310377836227417,0.19790995121002197,-1.2630338370800018,0.5
2024-01-04,2,-1.684118926525116,1.5076286792755127,-1.8127114176750183,1.0
2024-01-05,3,-0.8970236976941427,-0.44977067907651264,-1.0907988672455151,0.6666666666666666
2024-01-08,1,0.09937229007482529,-1.1797566413879395,-1.194081425666809,0.0
2024-01-09,3,-1.199802682036534,0.38481879234313965,-1.2507303953170776,0.6666666666666666
2024-01-10,2,-1.7504127025604248,1.7190060019493103,-1.7629184126853943,1.0
2024-01-11,2,-1.6086386442184448,0.9385734349489212,-1.5446767807006836,1.0
2024-01-12,2,-0.854534313082695,0.27308183908462524,-1.5420204401016235,0.5
2024-01-15,4,-1.1284477561712265,-0.6048451028764248,-0.6233269739896059,1.5
2024-01-16,2,-1.8779787421226501,1.6183110475540161,-1.678631067276001,1.0
2024-01-17,3,-1.5458143552144368,0.8180855512619019,-1.4546705683072407,1.0
2024-01-19,3,-0.7443503886461258,-0.9338379253943762,-0.715253472328186,1.0
2024-01-22,1,-1.6924858093261719,1.5792309045791626,-1.80228590965271,1.0
2024-01-23,1,-2.1534454822540283,1.0093791484832764,-1.2297171354293823,1.0
2024-01-24,2,-1.7487848401069641,1.7036442756652832,-1.7495183944702148,1.0
2024-01-25,2,-0.44854748994112015,-1.5120322108268738,-0.45258381962776184,1.0
2024-01-26,1,-1.2526592016220093,-0.6760760545730591,-0.8780096769332886,1.0
2024-01-28,1,0.6253035068511963,-2.4450361728668213,-0.3140100836753845,0.0
2024-01-30,3,-1.1391398708025615,-0.12209159135818481,-1.1978298823038738,0.6666666666666666
2024-02-01,3,-0.714127833644549,-1.2862412979205449,-0.3031008653342724,1.6666666666666667
2024-02-02,3,-1.1967803637186687,-0.6740953127543131,-0.26820475856463116,1.6666666666666667
2024-02-04,1,-1.427262544631958,-1.076451301574707,1.0374029874801636,2.0
2024-02-05,7,-0.18811469418661936,-1.1148247080189841,-0.7495931472097125,0.8571428571428571
2024-02-06,8,-0.462201221002033,-1.2877284437417984,-0.5033481083810329,1.125
2024-02-07,4,-0.7835408076643944,-1.0704005062580109,-0.36496710032224655,1.25
2024-02-08,1,1.0415319204330444,-2.1427717208862305,-1.2504700422286987,0.0
2024-02-09,1,0.7967668771743774,-1.7178707122802734,-1.3704651594161987,0.0
2024-02-12,1,0.7590829133987427,-1.7186228036880493,-1.2910548448562622,0.0
2024-02-14,1,-1.7118380069732666,-0.7718442678451538,-0.024506893008947372,2.0
2024-02-15,1,0.8119829893112183,-1.941632628440857,-1.1827690601348877,0.0
2024-02-19,2,-1.7050198316574097,0.8775361776351929,-1.496843695640564,1.0
2024-02-20,2,-0.9243827164173126,-0.6700703501701355,-0.5944478809833527,1.5
2024-02-21,3,-0.45610499382019043,-0.8035639921824137,-0.959265890220801,1.0
2024-02-25,1,-2.1595609188079834,1.1949479579925537,-1.1173676252365112,1.0
2024-02-27,1,-1.3583416938781738,-1.3146344423294067,0.2390020340681076,2.0
2024-03-01,2,-1.4495331048965454,-1.2277265191078186,0.42870021238923073,2.0
2024-03-04,5,-0.9453808486461639,-0.9043352663516998,-0.3658658817410469,1.4
2024-03-05,2,-0.6131708920001984,-1.9750019311904907,0.4586530178785324,2.0
2024-03-07,1,-1.3700199127197266,-1.287862777709961,0.6836410760879517,2.0
2024-03-08,1,-1.1251624822616577,-1.7298009395599365,0.6251903772354126,2.0
2024-03-13,1,0.14751534163951874,-1.0788829326629639,-1.361230492591858,0.0
2024-03-14,1,-1.8951315879821777,1.0412530899047852,-1.550148606300354,1.0
2024-03-18,1,1.3076794147491455,-1.9749345779418945,-1.49153733253479,0.0
2024-03-19,5,-1.66701180934906,0.1388001799583435,-0.8142288327217102,1.0
2024-03-21,1,-1.0674266815185547,-1.7692341804504395,0.6944639086723328,2.0
2024-03-22,2,0.23307428508996964,-2.3026175498962402,-0.1568901389837265,0.0
2024-03-26,1,-1.4454858303070068,-0.06899846345186234,-1.1266669034957886,1.0
2024-03-28,1,-1.6344754695892334,-1.1988754272460938,0.7509907484054565,2.0
2024-04-01,4,-1.3974319100379944,-0.7596957683563232,0.058202989399433136,1.75
2024-04-02,1,-0.9831703305244446,-1.6864064931869507,0.8496887683868408,2.0
2024-04-03,1,-1.6267530918121338,1.202125072479248,-1.8284794092178345,1.0
2024-04-08,1,1.636500597000122,-1.91482675075531,-1.5826481580734253,0.0
2024-04-09,1,-0.3435239791870117,-1.3866312503814697,-0.8497541546821594,0.0
2024-04-10,2,-1.8124494552612305,1.6373496651649475,-1.705722987651825,1.0
2024-04-12,1,-1.7362658977508545,1.766540765762329,-1.7351974248886108,1.0
2024-04-15,2,-1.745082974433899,1.5926037430763245,-1.7270945310592651,1.0
2024-04-16,2,-1.6897756457328796,1.4762808084487915,-1.7822123765945435,1.0
2024-04-18,2,-0.5982849970459938,-0.40860622376203537,-1.3433723449707031,0.5
2024-04-22,1,0.41028672456741333,-2.1223256587982178,-0.6937874555587769,0.0
2024-04-23,1,-1.8133749961853027,1.605280876159668,-1.730306625366211,1.0
2024-04-24,2,-1.7046642899513245,1.7582050561904907,-1.7279739379882812,1.0
2024-04-25,1,-1.854641318321228,-0.6415700316429138,0.48043107986450195,2.0
2024-04-26,1,0.029732149094343185,-0.9863953590393066,-1.4672516584396362,0.0
2024-04-27,1,-0.8226214647293091,-1.809736967086792,0.5460301637649536,2.0
2024-04-28,1,-0.8585008382797241,-2.0533628463745117,0.7633016109466553,2.0
2024-04-29,1,1.2297354936599731,-1.870428204536438,-1.6008809804916382,0.0
2024-04-30,2,-0.5535340309143066,-0.2688825726509094,-1.1235613226890564,0.5
2024-05-01,1,-1.7822866439819336,-1.1093946695327759,0.885489821434021,2.0
2024-05-02,6,-0.9847372720638911,-0.8206690947214762,-0.22340463567525148,1.5
2024-05-03,1,1.7777624130249023,-1.7439388036727905,-1.7550355195999146,0.0
2024-05-04,1,-1.645641803741455,-0.5714560747146606,-0.4014345705509186,2.0
2024-05-06,1,1.4286067485809326,-1.6859118938446045,-1.698715329170227,0.0
2024-05-07,8,-0.1522119641304016,-1.1195342019200325,-0.7086869329214096,0.875
2024-05-08,3,-2.098614772160848,0.3145736887430151,-0.46113457530736923,1.0
2024-05-09,1,-1.8852455615997314,1.5992213487625122,-1.7041699886322021,1.0
2024-05-10,2,-0.2819555997848511,-0.09888976812362671,-1.6466423273086548,0.5
2024-05-11,1,-1.3626091480255127,-1.1172657012939453,0.4693347215652466,2.0
2024-05-13,2,1.4330366849899292,-1.701223611831665,-1.6367036700248718,0.0
2024-05-14,5,-1.3461848258972169,-0.1026541031897068,-0.8201681941747665,1.0
2024-05-17,2,-1.6838054656982422,1.4234581589698792,-1.7183077931404114,1.0
2024-05-20,1,-1.8000409603118896,0.9115661978721619,-1.5092641115188599,1.0
2024-05-22,2,-1.8392888307571411,1.4999061226844788,-1.690077543258667,1.0
2024-05-23,1,-1.7067570686340332,1.6957979202270508,-1.8175815343856812,1.0
2024-05-28,4,-0.847308486700058,-0.20506036281585693,-0.8500271737575531,1.0
2024-05-29,3,-1.3032693937420845,0.23971851666768393,-1.150100310643514,0.6666666666666666
2024-05-31,3,-1.5964215596516926,0.11183962225914001,-0.657651940981547,1.3333333333333333
2024-06-01,1,-1.8486825227737427,-1.0199462175369263,0.8445553183555603,2.0
2024-06-03,3,-1.3044917782147725,-0.23142282168070474,-0.6596329808235168,1.0
2024-06-04,3,-1.3913469513257344,0.40135037899017334,-0.9608761469523112,1.3333333333333333
2024-06-05,3,-0.4961065848668416,-0.8195202723145485,-1.0228373507658641,0.3333333333333333
2024-06-06,4,-0.9605668745934963,-0.708897314965725,-0.5842366218566895,0.75
2024-06-07,4,-1.8630315959453583,0.8661369979381561,-0.9680936634540558,1.25
2024-06-08,1,0.1932080090045929,-2.274141311645508,-0.2794908881187439,0.0
2024-06-10,2,-0.4237404465675354,-1.4916004538536072,-0.6067073568701744,1.0
2024-06-11,3,-0.35757633050282794,-1.4543847441673279,-0.49717796842257184,1.0
2024-06-13,1,-1.7765305042266846,1.6547813415527344,-1.7796473503112793,1.0
2024-06-14,1,-0.2630312442779541,-1.8020579814910889,-0.2626578211784363,2.0
2024-06-17,5,-0.9548254676163197,-0.12668221294879914,-1.1558057844638825,0.6
2024-06-18,2,-0.3126920461654663,-1.24971204996109,-0.7790449038147926,1.0
2024-06-19,4,-0.9423282593488693,-0.3136708587408066,-0.9624394625425339,1.0
2024-06-20,3,0.7007725437482198,-1.9942619800567627,-0.8043205589056015,0.6666666666666666
2024-06-21,1,1.3898634910583496,-1.7121821641921997,-1.5648053884506226,0.0
2024-06-24,2,0.1015981137752533,-1.098626971244812,-1.3864395022392273,0.5
2024-06-25,3,-1.2758387563129265,0.17468953132629395,-1.1569597522417705,0.6666666666666666
2024-06-26,2,-0.8436502069234848,0.1351562738418579,-1.3169453740119934,0.5
2024-06-27,1,-1.3112866878509521,-1.3917198181152344,0.8396214246749878,2.0
2024-06-28,2,-1.3256075978279114,-0.008351564407348633,-0.5026469826698303,1.5
2024-06-30,1,-1.6889050006866455,-1.2411408424377441,0.9095826148986816,2.0
2024-07-01,4,-0.8855024352669716,-1.2185849845409393,-0.1941465139389038,1.25
2024-07-02,1,-2.0678398609161377,1.1666934490203857,-1.4433224201202393,1.0
2024-07-03,2,1.1673349738121033,-1.7736989259719849,-1.4643008708953857,0.0
2024-07-04,1,-0.9380256533622742,-0.5229648351669312,-1.069033145904541,1.0
2024-07-05,1,1.3382863998413086,-1.7304637432098389,-1.6234034299850464,0.0
2024-07-06,1,-0.3628775477409363,-2.0911669731140137,0.24217569828033447,2.0
2024-07-08,3,-1.066711187362671,-1.4965959787368774,0.4491386612256368,2.0
2024-07-09,2,0.6017701998353004,-1.7885003685951233,-1.172842025756836,0.0
2024-07-10,2,-1.1557587087154388,-0.3012513518333435,-0.9903373643755913,1.5
2024-07-11,1,1.1747443675994873,-1.5128962993621826,-1.6878501176834106,0.0
2024-07-12,1,-1.2630412578582764,-1.3626627922058105,0.8501403331756592,2.0
2024-07-14,1,-0.7367390394210815,-1.810941457748413,0.6859049201011658,2.0
2024-07-15,1,0.9937430620193481,-1.6390864849090576,-1.5685030221939087,0.0
2024-07-16,3,-0.12451425194740295,-0.9191694259643555,-1.0410631398359935,1.0
2024-07-17,2,0.1966404914855957,-1.2903781533241272,-1.0919367969036102,1.0
2024-07-18,2,-0.29625260829925537,-0.22006213665008545,-1.4057496786117554,0.5
2024-07-19,3,-1.701162576675415,1.7077746391296387,-1.7450230916341145,1.0
2024-07-22,2,-0.9120553135871887,-1.014935314655304,-0.5560818202793598,1.5
2024-07-23,2,-1.4966100454330444,0.12520331144332886,-0.7437172681093216,1.5
2024-07-24,1,1.3581604957580566,-1.7808972597122192,-1.7428392171859741,0.0
2024-07-25,2,-1.6502609848976135,1.3560775518417358,-1.780000925064087,1.0
2024-07-26,1,-0.38044825196266174,-0.4887106120586395,-1.5211094617843628,0.0
2024-07-29,2,-1.9268369674682617,0.8362139668315649,-1.1139141619205475,1.0
2024-07-30,1,-1.7342522144317627,1.6136670112609863,-1.7166961431503296,1.0
2024-07-31,1,0.5440806150436401,-2.050426483154297,-0.9822310209274292,0.0
2024-08-01,3,-0.40731940666834515,-1.6304205258687336,0.004773060480753581,1.3333333333333333
2024-08-02,5,-1.7384248733520509,0.35790960788726806,-0.6636398673057556,1.4
2024-08-04,2,-0.4267655909061432,-1.5207046866416931,0.08651530742645264,1.0
2024-08-05,3,-1.8023889064788818,1.5844317277272542,-1.735178828239441,1.0
2024-08-06,5,0.3474691152572632,-1.3041921854019165,-1.1893393218517303,0.6
2024-08-07,7,-0.49403958661215647,-1.4303433895111084,-0.16490286588668823,1.0
2024-08-12,2,0.6170704364776611,-1.8275158405303955,-1.0495524108409882,0.0
2024-08-13,2,-0.518412247300148,-1.3549432754516602,-0.4925212860107422,1.0
2024-08-14,1,1.6402177810668945,-1.6398615837097168,-1.7708252668380737,0.0
2024-08-15,2,-0.2909013032913208,-0.7720854133367538,-1.0332297086715698,0.5
2024-08-16,5,-0.9737091898918152,-0.6224768698215485,-0.6549363061785698,1.2
2024-08-18,1,-0.42506322264671326,-2.06772780418396,0.15913903713226318,2.0
2024-08-19,4,0.004990965127944946,-1.3010788261890411,-0.8987104371190071,0.75
2024-08-20,3,-0.573591927687327,-0.6387535333633423,-1.139893352985382,0.6666666666666666
2024-08-21,2,-0.2448890209197998,-1.6422831416130066,-0.12564879655838013,1.0
2024-08-22,4,-1.8467407822608948,1.3274745494127274,-1.5723412930965424,1.0
2024-08-23,5,-0.5184849917888641,-1.1269718706607819,-0.7050417184829711,0.6
2024-08-24,1,-0.0011106200981885195,-2.2599143981933594,0.0238045621663332,2.0
2024-08-26,3,-0.37374383211135864,-1.5039002895355225,-0.4416494369506836,1.3333333333333333
2024-08-27,2,-1.6747394800186157,1.1306830048561096,-1.7340659499168396,1.0
2024-08-28,3,0.3673035701115926,-1.5026953220367432,-0.7385557095209757,0.6666666666666666
2024-08-29,1,-1.3451311588287354,-1.4005939960479736,0.4640275835990906,2.0
2024-08-30,5,-1.2165524885058403,-0.8622468829154968,-0.1944367229938507,1.6
2024-09-02,3,-1.786182959874471,0.7330557505289713,-0.8703054984410604,1.3333333333333333
2024-09-03,3,-1.6370467344919841,0.5748806794484457,-0.856224775314331,1.3333333333333333
2024-09-04,2,-0.11000767350196838,-0.650895154569298,-1.5829731822013855,0.5
2024-09-05,3,0.7990909616152445,-1.838677207628886,-1.1779983441034954,0.0
2024-09-06,2,-1.7796717286109924,1.586590051651001,-1.7187269926071167,1.0
2024-09-09,1,-0.8642514944076538,0.34425002336502075,-1.9239121675491333,1.0
2024-09-10,2,-1.8358429670333862,1.5508403778076172,-1.651484727859497,1.0
2024-09-11,3,0.16548752784729004,-0.5330662329991659,-1.6431312958399455,0.3333333333333333
2024-09-12,3,-1.7769861221313477,1.5810269514719646,-1.7304465373357136,1.0
2024-09-13,4,0.1777379959821701,-1.6265705674886703,-0.7039709873497486,1.0
2024-09-16,2,-0.23657453060150146,-1.0242368001490831,-1.2435599565505981,0.5
2024-09-17,2,-1.7063215374946594,0.9646144807338715,-1.547503650188446,1.0
2024-09-18,2,-1.8850892782211304,0.5166320204734802,-0.6147664487361908,1.5
2024-09-19,5,-0.9614768654108048,-0.4614115238189697,-0.7895005166530609,1.2
2024-09-20,2,-1.6807237267494202,1.5727702379226685,-1.8517407774925232,1.0
2024-09-23,2,-0.2565368413925171,-0.08917176723480225,-1.5892268419265747,0.5
2024-09-24,4,-0.21694542467594147,-1.2614239156246185,-1.049526672810316,0.75
2024-09-25,3,-0.9366356693208218,-0.6039922634760538,-0.5265775918960571,1.0
2024-09-26,2,0.2167227417230606,-1.308098316192627,-1.2019575834274292,0.0
2024-09-27,1,-1.740837812423706,1.7125009298324585,-1.7344419956207275,1.0
2024-09-30,2,-0.1310863494873047,-0.16865718364715576,-1.6583266854286194,0.5
2024-10-01,4,-0.37296508252620697,-1.3234901130199432,-0.4208522439002991,1.0
2024-10-02,5,-0.49002469778060914,-1.1224796772003174,-0.715074896812439,0.6
2024-10-03,3,-1.4892845551172893,0.8103439609209696,-1.4070013960202534,1.3333333333333333
2024-10-04,2,-0.1649705171585083,-0.9404112696647644,-1.437358558177948,0.0
2024-10-07,3,0.2724695106347402,-1.1870460609594982,-1.4207373062769573,0.3333333333333333
2024-10-08,2,-1.6857107281684875,1.4120925664901733,-1.7757946252822876,1.0
2024-10-09,1,-1.4320921897888184,0.9494052529335022,-1.780480146408081,1.0
2024-10-10,2,-0.9696391224861145,0.07509961724281311,-1.5956912636756897,1.0
2024-10-11,2,-1.5058680772781372,0.1683686375617981,-0.834066815674305,1.5
2024-10-14,2,-1.6853770017623901,0.6556851640343666,-1.4526050686836243,1.0
2024-10-15,2,-1.6605228185653687,1.1525894403457642,-1.798470139503479,1.0
2024-10-16,3,0.19344327847162882,-1.413872092962265,-0.9030718679229418,1.0
2024-10-17,2,-1.7056554555892944,1.6786221861839294,-1.7885777950286865,1.0
2024-10-18,2,-1.6230283379554749,1.3556771278381348,-1.8110222816467285,1.0
2024-10-21,2,-1.8924939632415771,1.5214977264404297,-1.6072825193405151,1.0
2024-10-22,3,-1.6455236673355103,0.3865851163864136,-0.9791536927223206,1.3333333333333333
2024-10-23,1,-1.8363397121429443,1.636743426322937,-1.7480087280273438,1.0
2024-10-24,2,-0.2763277553021908,-0.7531989514827728,-1.3561368584632874,0.0
2024-10-25,2,-1.8010002970695496,1.4782577753067017,-1.7392696142196655,1.0
2024-10-28,3,-0.594585657119751,-0.39853012561798096,-1.2752749522527058,0.6666666666666666
2024-10-29,2,-1.753004252910614,1.6377789974212646,-1.7037439346313477,1.0
2024-10-30,1,-1.8241645097732544,1.7146295309066772,-1.6529003381729126,1.0
2024-10-31,4,-0.3321973495185375,-1.1572352051734924,-0.4967980645596981,1.25
2024-11-01,3,-1.5783122777938843,-0.4956777095794678,-0.009179135163625082,1.6666666666666667
2024-11-03,2,-0.3825664222240448,-1.8869372606277466,0.2073749303817749,1.0
2024-11-04,9,-0.129897587829166,-1.441191103723314,-0.4383653998374939,1.0
2024-11-05,9,-0.76420725385348,-1.1630532807774014,-0.21547321726878485,1.3333333333333333
2024-11-06,2,-2.0031808614730835,1.17294842004776,-1.383531391620636,1.0
2024-11-07,3,-1.3678434491157532,-0.4846065441767375,-0.21320092678070068,1.6666666666666667
2024-11-08,1,-1.8212190866470337,1.5200029611587524,-1.678139328956604,1.0
2024-11-11,2,0.20923879742622375,-0.946060299873352,-1.5401920676231384,0.0
2024-11-12,3,-1.4870466391245525,0.4179202715555827,-1.074474036693573,1.3333333333333333
2024-11-13,1,0.2778381109237671,-1.4906346797943115,-1.134454369544983,0.0
2024-11-14,1,-1.316211462020874,0.39445367455482483,-1.573432207107544,1.0
2024-11-15,2,0.7749332711100578,-1.9642860889434814,-0.9370637238025665,0.0
2024-11-19,1,-1.5555402040481567,0.2764911353588104,-1.302146315574646,1.0
2024-11-21,2,-0.5923369228839874,-0.1143752932548523,-1.31783527135849,0.5
2024-11-22,4,0.6539782360196114,-1.8682258427143097,-0.7586497664451599,0.5
2024-11-25,1,-0.7190226316452026,-0.7747277021408081,-0.9646444320678711,0.0
2024-11-26,1,0.6881725788116455,-1.6190890073776245,-1.2881008386611938,0.0
2024-11-27,5,-1.886699914932251,1.3778838753700255,-1.4940390110015869,1.0
2024-11-28,1,-1.6844422817230225,1.7685868740081787,-1.689001441001892,1.0
2024-11-29,6,-0.6580821375052134,-0.7106665372848511,-0.722470173612237,1.0
2024-12-01,1,-1.706885576248169,-1.1893888711929321,0.9348968863487244,2.0
2024-12-02,2,-1.8351725339889526,0.6983811035752296,-1.0973000824451447,1.0
2024-12-03,2,-1.1238550543785095,-0.608591228723526,-0.4684253931045532,1.5
2024-12-04,2,-1.1403361558914185,-0.2568201422691345,-0.6501494348049164,1.5
2024-12-05,1,-0.5078660249710083,-0.3406798243522644,-1.6361039876937866,1.0
2024-12-06,1,-1.7266238927841187,1.7262440919876099,-1.7475131750106812,1.0
2024-12-07,2,-1.9375407695770264,1.684307336807251,-1.5035375952720642,1.0
2024-12-09,4,-1.5843544006347656,-0.2238055095076561,-0.3736907169222832,1.5
2024-12-10,1,-1.7504485845565796,1.2955796718597412,-1.7794157266616821,1.0
2024-12-11,1,1.5126538276672363,-1.7267968654632568,-1.5956765413284302,0.0
2024-12-16,1,-1.5979760885238647,1.3489394187927246,-1.8413649797439575,1.0
2024-12-18,1,-1.6823835372924805,1.6125863790512085,-1.8510181903839111,1.0
2024-12-19,2,-1.5958319306373596,0.4503442198038101,-1.2076676785945892,1.0
2024-12-20,1,1.4917079210281372,-1.847822904586792,-1.5100504159927368,0.0
2024-12-30,1,-1.373779296875,0.06731093674898148,-1.3632150888442993,1.0
2025-01-02,2,-1.3365707397460938,-0.03546565771102905,-0.5996842384338379,1.5
2025-01-03,2,-1.8146332502365112,1.7170483469963074,-1.6827938556671143,1.0
2025-01-06,2,-0.9345765709877014,-0.8193263933062553,-0.5767431557178497,1.5
2025-01-07,1,-1.766808032989502,-1.139727234840393,0.8359509706497192,2.0
2025-01-08,1,-0.7442377209663391,-1.6220277547836304,0.339240163564682,2.0
2025-01-09,1,-1.74076247215271,1.5181753635406494,-1.7992106676101685,1.0
2025-01-10,2,0.011799871921539307,-0.21242183446884155,-1.6359050273895264,0.5
2025-01-13,2,-1.760717511177063,1.058616191148758,-1.5700249671936035,1.0
2025-01-14,2,-0.7263772487640381,-0.450050950050354,-1.1875792145729065,0.5
2025-01-15,2,-0.31569451093673706,-0.6231631189584732,-1.4876908659934998,0.5
2025-01-16,2,-1.628722608089447,1.430407702922821,-1.8556817770004272,1.0
2025-01-17,2,1.4650980830192566,-1.8579652905464172,-1.3693119287490845,0.0
2025-01-20,1,-1.6187028884887695,0.4112718999385834,-1.2512016296386719,1.0
2025-01-21,2,-1.6417229771614075,-0.30440060421824455,-0.4551464766263962,1.0
2025-01-22,1,-1.1217856407165527,-1.5930509567260742,0.39569878578186035,2.0
2025-01-29,2,-1.557239294052124,-0.9153947047889233,0.4267129451036453,2.0
2025-01-30,4,-1.325721025466919,0.19361728429794312,-1.0050540529191494,1.25
2025-01-31,3,0.4293288787206014,-1.4703886111577351,-1.3040988842646282,0.3333333333333333
2025-02-02,2,-0.39897608757019043,-1.7199627757072449,0.23431330919265747,1.0
2025-02-04,3,-0.9392642080783844,-1.532451073328654,0.2752837985754013,2.0
2025-02-05,4,-0.08908087015151978,-0.9732319414615631,-0.8907761573791504,0.75
2025-02-06,10,-0.2544019103050232,-0.8745640724897384,-1.0860971875488759,0.6
2025-02-07,6,-0.27847209572792053,-0.11910637219746907,-1.4329594572385151,0.5
2025-02-10,3,0.09708647926648457,-1.295548955599467,-1.0688026746114094,0.6666666666666666
2025-02-11,1,-0.613221287727356,-1.2066786289215088,-0.5867189168930054,2.0
2025-02-12,2,-1.842061460018158,1.6419044733047485,-1.6909222602844238,1.0
2025-02-13,2,0.371009886264801,-1.4597139954566956,-0.9549528360366821,1.0
2025-02-17,1,-1.3247511386871338,-1.552790880203247,0.956326961517334,2.0
2025-02-18,1,-2.2987539768218994,0.7538584470748901,-0.7824074029922485,1.0
2025-02-19,1,-1.7898547649383545,1.5714569091796875,-1.657916784286499,1.0
2025-02-20,1,-1.7378243207931519,1.6500324010849,-1.7574588060379028,1.0
2025-02-21,1,-0.42586642503738403,-2.1360411643981934,0.29522591829299927,2.0
2025-02-24,1,-1.854024887084961,1.5261489152908325,-1.7581855058670044,1.0
2025-02-25,1,-1.454097032546997,0.6747453212738037,-1.6305856704711914,1.0
2025-02-26,2,-1.8062515258789062,-0.41645683348178864,-0.18082845211029053,1.5
2025-02-28,2,-1.4311505556106567,-0.5820980239659548,-0.3054725229740143,1.5
2025-03-01,1,-1.1376442909240723,-1.6642193794250488,0.8721054196357727,2.0
2025-03-05,1,-0.907869279384613,0.06709771603345871,-1.713588833808899,1.0
2025-03-06,3,-1.1270177761713664,-0.4865666627883911,-0.5918019811312357,1.6666666666666667
2025-03-07,1,-0.3270881175994873,-1.926560640335083,0.43326032161712646,2.0
2025-03-09,1,-2.0534005165100098,1.2821722030639648,-1.3749314546585083,1.0
2025-03-10,4,-1.275723084807396,-0.025602787733078003,-0.6150893643498421,1.5
2025-03-13,2,0.2739623785018921,-1.6615118384361267,-0.41441142559051514,1.0
2025-03-14,2,0.12259620428085327,-1.630898892879486,-0.478699266910553,1.0
2025-03-17,1,1.4529485702514648,-1.8796387910842896,-1.685189127922058,0.0
2025-03-18,4,-0.5784855782985687,-0.304624080657959,-1.2441370165906847,1.0
2025-03-19,2,0.20652377605438232,-1.5573168992996216,-0.39253753423690796,1.0
2025-03-20,2,-0.8891209028661251,-0.21789765357971191,-1.0450122207403183,0.5
2025-03-21,2,0.11899936199188232,-1.4193795919418335,-0.5140289664268494,1.0
2025-03-24,2,-0.6308961510658264,0.12949949502944946,-1.6910836100578308,0.5
2025-03-25,1,-1.0315691232681274,-1.6960930824279785,0.7379387617111206,2.0
2025-03-26,2,-0.4376004934310913,-0.4420396089553833,-1.3122349083423615,0.5
2025-03-27,7,-0.38685683546853916,-0.9825131893157959,-0.7630120305610555,0.8571428571428571
2025-03-28,2,-1.7202189564704895,1.7480364441871643,-1.7292055487632751,1.0
2025-03-31,3,-0.5610285003980001,-0.5554922819137573,-1.0802660187085469,0.3333333333333333
2025-04-01,6,-0.6207283064723015,-1.4260779321193695,-0.13215546558300653,1.1666666666666667
2025-04-03,3,-1.2125338713328044,0.15085774660110474,-1.0121413667996724,1.3333333333333333
2025-04-04,2,-1.769825041294098,1.519471824169159,-1.74624764919281,1.0
2025-04-07,1,-1.7620916366577148,1.50603187084198,-1.746052861213684,1.0
2025-04-08,3,-1.7461981376012166,1.6975579659144084,-1.7709513505299885,1.0
2025-04-09,2,-0.3591689467430115,-1.667486548423767,-0.2727033495903015,1.0
2025-04-10,1,1.5672627687454224,-2.0577592849731445,-1.4156612157821655,0.0
2025-04-11,4,0.5962505834177136,-1.6918985694646835,-1.0735593438148499,0.0
2025-04-14,1,0.9553449749946594,-1.4661349058151245,-1.6543375253677368,0.0
2025-04-15,2,-0.27309179306030273,-0.12352210283279419,-1.572424292564392,0.5
2025-04-16,2,-1.054832324385643,-0.2682366371154785,-0.7231733202934265,1.5
2025-04-17,2,0.7629653215408325,-1.9672476053237915,-1.0180655419826508,0.0
2025-04-22,6,-0.6644667983055115,0.266659418741862,-1.4870495398839314,0.6666666666666666
2025-04-23,1,1.2786362171173096,-1.6785147190093994,-1.5823101997375488,0.0
2025-04-24,2,0.7190386652946472,-1.8337642550468445,-0.7810649797320366,1.0
2025-04-25,1,1.1314609050750732,-1.9776146411895752,-1.3199119567871094,0.0
2025-04-28,2,-0.14754045009613037,-1.3498648405075073,-0.8078799992799759,1.0
2025-04-29,6,0.5802431007226309,-1.3607094287872314,-1.3008512357870738,0.16666666666666666
2025-04-30,3,-0.3960205713907878,-1.4208736022313435,-0.4594809412956238,1.3333333333333333
2025-05-02,2,0.3300800323486328,-1.7232704162597656,-0.5311156511306763,1.0
2025-05-04,1,-1.6917427778244019,-0.6329874992370605,0.7976179122924805,2.0
2025-05-05,7,-1.34188995297466,-0.2088839156287057,-0.4913145580462047,1.2857142857142858
2025-05-07,1,0.9199063777923584,-1.8276550769805908,-1.3263481855392456,0.0
2025-05-08,12,0.06856752963115771,-1.2852671295404434,-0.8931207458178202,0.75
2025-05-09,11,-0.8336310169913552,-0.188369482755661,-1.03570387580178,1.0909090909090908
2025-05-10,1,0.19656239449977875,-2.1357874870300293,-0.4176146388053894,0.0
2025-05-12,3,0.728091835975647,-1.6772606770197551,-0.9126805067062378,0.6666666666666666
2025-05-13,4,1.1899020448327065,-1.9537983238697052,-1.290600597858429,0.0
2025-05-14,2,-1.6891791224479675,1.5698350071907043,-1.7855585217475891,1.0
2025-05-15,2,0.5297480523586273,-1.3418288230895996,-1.379851520061493,0.0
2025-05-16,4,-1.6199255883693695,0.719536304473877,-1.1498938500881195,1.25
2025-05-19,6,-0.7812774365690226,-0.41329167286554974,-1.1477007021506627,0.5
2025-05-20,6,-0.4147648513317108,-0.7004050215085348,-1.1166775325934093,1.0
2025-05-21,3,-0.822744607925415,0.45707404613494873,-1.6015949249267578,0.6666666666666666
2025-05-22,4,-1.1936495155096054,0.39463968575000763,-1.2958956807851791,0.75
2025-05-23,2,-0.3024097681045532,-0.8769524246454239,-1.2444775700569153,0.5
2025-05-26,2,-0.19000080227851868,-0.4513102173805237,-1.705268383026123,0.5
2025-05-29,1,-1.1030361652374268,-1.6569689512252808,0.22710317373275757,2.0
2025-05-30,2,-0.1057385504245758,-1.9222354888916016,-0.1369580626487732,1.0
2025-06-02,2,-1.1234772205352783,-1.663139820098877,0.558411717414856,2.0
2025-06-03,4,-1.2350808531045914,-0.7023205757141113,-0.10102040320634842,1.75
2025-06-04,3,0.03529668847719828,-1.8643709023793538,-0.3492867350578308,0.6666666666666666
2025-06-05,2,-1.8141277432441711,1.306105375289917,-1.5587064027786255,1.0
2025-06-06,1,-1.6919924020767212,1.5889650583267212,-1.8164373636245728,1.0
2025-06-07,2,-0.21156111359596252,-1.5895562767982483,-0.23687928915023804,1.0
2025-06-09,1,-1.9791383743286133,0.3307678699493408,-0.9319286346435547,1.0
2025-06-10,2,-0.7681753039360046,-0.19999051094055176,-1.235897421836853,0.5
2025-06-11,1,0.7274268865585327,-1.9683735370635986,-1.0512551069259644,0.0
2025-06-12,2,1.320631980895996,-1.8856784105300903,-1.3788878917694092,0.0
2025-06-13,3,-1.829504092534383,1.5198628505071003,-1.6917280753453572,1.0
2025-06-16,2,-0.20019891113042831,-2.05537748336792,-0.04022138100117445,1.0
2025-06-17,1,-1.8421435356140137,1.647289752960205,-1.7060602903366089,1.0
2025-06-18,3,-1.5924451351165771,-0.10190153121948242,-0.40343823035558063,1.6666666666666667
2025-06-20,3,-1.863747239112854,1.6278206904729207,-1.6989027261734009,1.0
2025-06-23,1,-1.6968085765838623,1.6703777313232422,-1.8259707689285278,1.0
2025-06-24,1,-1.8628957271575928,1.3901654481887817,-1.6450666189193726,1.0
2025-06-25,2,-1.4684052467346191,0.08811324834823608,-0.5064369440078735,1.5
2025-06-26,1,-1.5809195041656494,0.8993486762046814,-1.6752361059188843,1.0
2025-06-27,1,-1.7601380348205566,1.0285365581512451,-1.542282223701477,1.0
2025-06-30,4,-0.6912355273962021,-1.1167034208774567,-0.48073872551321983,1.25
2025-07-01,1,0.758863091468811,-1.5838156938552856,-1.3151304721832275,0.0
2025-07-02,3,-1.1677667784194152,0.31912414232889813,-1.1601045746356249,0.6666666666666666
2025-07-03,2,0.5444692969322205,-1.758370041847229,-0.5202805399894714,1.0
2025-07-04,1,0.4729361832141876,-1.4072787761688232,-1.4002794027328491,0.0
2025-07-05,1,-1.1118948459625244,-1.5687299966812134,0.6381794810295105,2.0
2025-07-07,1,-1.9386610984802246,1.6088132858276367,-1.6467868089675903,1.0
2025-07-08,2,-1.9067474603652954,1.4583921432495117,-1.6250771880149841,1.0
2025-07-09,2,-1.654475748538971,0.2471531629562378,-0.3711254596710205,1.5
2025-07-10,5,-1.6936203241348267,0.7757502436637879,-1.1069581985473633,1.2
2025-07-11,1,-1.6334341764450073,1.2536083459854126,-1.7138864994049072,1.0
2025-07-14,1,1.0440709590911865,-2.2479186058044434,-1.0124629735946655,0.0
2025-07-17,1,-2.173283815383911,0.3243952691555023,-0.49454426765441895,1.0
2025-07-18,1,-1.0483660697937012,-0.19949883222579956,-1.471943974494934,1.0
2025-07-21,3,0.2276631991068522,-1.1605264743169148,-1.253696123758952,0.3333333333333333
2025-07-22,4,-0.6718208193778992,-0.2484305500984192,-1.1774988397955894,1.0
2025-07-24,2,-1.824725091457367,1.6715380549430847,-1.7204936742782593,1.0
2025-07-25,1,-1.6631138324737549,1.3979978561401367,-1.924745798110962,1.0
2025-07-28,2,-1.8319860696792603,1.6619536876678467,-1.7034770846366882,1.0
2025-07-29,3,-0.29397693276405334,-0.569936990737915,-1.121734647701184,1.0
2025-07-30,3,-1.2274195725719135,-0.19377110401789346,-0.8257001241048177,1.0
2025-07-31,4,-1.011077180504799,-0.1795436441898346,-0.834132194519043,1.0
2025-08-01,7,-1.331970707646438,-0.41694738396576475,-0.42722560624991146,1.2857142857142858
2025-08-04,2,-0.991172544658184,-0.6016147956252098,-0.8630329072475433,0.5
2025-08-05,12,-0.506691058476766,-0.8831712063401937,-0.7106530646172663,0.8333333333333334
2025-08-06,13,-0.5993829157489997,-0.9345344740610856,-0.6481246260496286,0.7692307692307693
2025-08-07,3,0.12374615793426831,-1.7323956489562988,-0.5326752637823423,0.6666666666666666
2025-08-08,3,-0.768468459447225,-1.0946087837219238,-0.3587651451428731,1.0
2025-08-09,1,0.00111681898124516,-1.9346177577972412,-0.36921727657318115,0.0
2025-08-11,3,-0.7331791917483012,-0.8392519950866699,-0.4925902610023816,1.6666666666666667
2025-08-12,3,0.13659749428431192,-1.74761958916982,-0.5605906248092651,0.6666666666666666
2025-08-13,2,-1.774212121963501,1.3598793745040894,-1.6817412972450256,1.0
2025-08-14,3,-1.4052075346310933,0.0736104150613149,-0.7135372956593832,1.3333333333333333
2025-08-15,3,-0.8040693799654642,-0.3866012692451477,-1.1742299795150757,1.0
2025-08-18,2,-0.3417659401893616,-1.1899907067418098,-0.7048805877566338,0.5
2025-08-19,3,-1.82781187693278,1.727899154027303,-1.6682912111282349,1.0
2025-08-20,5,-1.202643206715584,-0.38708422183990476,-0.5006689310073853,1.2
2025-08-21,3,-0.7685194412867228,0.2671731511751811,-1.585482120513916,0.6666666666666666
2025-08-22,4,-0.078346848487854,-0.6055253848899156,-1.4147573113441467,0.5
2025-08-23,2,-1.7986060976982117,1.6840463280677795,-1.6828256845474243,1.0
2025-08-25,5,0.0917435735464096,-1.3776894487440585,-0.8767850399017334,0.6
2025-08-26,3,-1.657732367515564,1.2602897783120472,-1.6513896385828655,1.0
2025-08-27,3,0.7160991032918295,-1.8063004811604817,-0.8562095562616984,0.6666666666666666
2025-08-29,3,0.5656914810339609,-1.7821489969889324,-1.0410737618803978,0.0
2025-09-01,3,-1.7398018439610798,0.6860394477844238,-0.92168790102005,1.3333333333333333
2025-09-02,8,-0.7788905263878405,-0.518396645784378,-0.7043295502662659,0.875
2025-09-03,5,-1.0091185331344605,0.047998237609863284,-1.0512756824493408,1.0
2025-09-04,5,-0.9651696592569351,-0.5531898081302643,-0.754501810669899,1.0
2025-09-05,2,-1.9126076698303223,-0.2021849937736988,-0.13074400275945663,1.5
2025-09-07,1,-0.3349829912185669,-1.5493355989456177,-0.6691555380821228,0.0
2025-09-08,1,-1.6800940036773682,0.17152513563632965,-1.1134135723114014,1.0
2025-09-09,3,-0.39854927857716876,-0.9389630655447642,-0.9752122163772583,1.0
2025-09-10,2,-0.9260945916175842,-0.02755149081349373,-1.5651448965072632,1.0
2025-09-11,3,-0.33241188526153564,-0.591909646987915,-1.4015294710795085,0.6666666666666666
2025-09-12,3,-0.9601896206537882,0.32993773619333905,-1.498732586701711,0.6666666666666666
2025-09-15,2,0.5139087736606598,-1.5791124105453491,-1.114554762840271,0.0
2025-09-16,3,0.5729216734568278,-0.8474920988082886,-1.712517221768697,0.3333333333333333
2025-09-17,3,-0.22725882877906164,-0.6412680546442667,-1.4080911080042522,0.3333333333333333
2025-09-18,2,-1.2576590478420258,0.3121282160282135,-1.4758076071739197,0.5
2025-09-19,3,-0.5069761822621027,-0.9778215289115906,-0.7380329271157583,0.3333333333333333
2025-09-22,1,-1.5656442642211914,1.2295955419540405,-1.8029868602752686,1.0
2025-09-23,2,-0.7804825827479362,-1.029796838760376,-0.3655620217323303,1.0
2025-09-24,2,-1.7029840350151062,0.26611268520355225,-0.26475316286087036,1.5
2025-09-25,1,-1.7042161226272583,1.7820080518722534,-1.7323791980743408,1.0
2025-09-26,2,-0.5689945816993713,-1.3087942600250244,-0.27420684695243835,1.0
2025-09-28,1,-1.1616309881210327,-1.7406656742095947,0.7296382188796997,2.0
2025-09-29,5,0.39011837244033815,-1.8481950759887695,-0.6176617562770843,0.8
2025-09-30,2,-1.4780434370040894,-0.10749220848083496,-0.4756005108356476,1.5
2025-10-01,2,-1.3207886815071106,0.6644879281520844,-1.743682324886322,1.0
2025-10-02,3,-1.1806039412816365,-0.6428384780883789,-0.1121262510617574,1.6666666666666667
2025-10-03,2,-0.3588677439838648,-1.3394641876220703,-0.4164280891418457,1.0
2025-10-06,1,-1.817944049835205,1.5054931640625,-1.7147369384765625,1.0
2025-10-07,1,-1.6685006618499756,1.6084234714508057,-1.8464033603668213,1.0
2025-10-09,3,-1.12469748655955,-0.6854876677195231,-0.22279842694600424,1.6666666666666667
2025-10-10,5,-1.0176016852259635,0.07803714275360107,-1.1140420958399773,1.0
2025-10-11,1,-1.2717580795288086,-1.5198590755462646,1.0621155500411987,2.0
2025-10-13,3,-0.5066736340522766,-0.23176510135332742,-1.5114553372065227,0.6666666666666666
2025-10-14,8,-0.7689138203859329,-0.4470960833132267,-0.9923024214804173,1.0
2025-10-15,5,-0.8620875433087349,-0.39884061813354493,-0.9680761069059372,1.0
2025-10-16,3,-1.7778428792953491,0.9892660304903984,-1.472177008787791,1.0
2025-10-17,1,1.5470144748687744,-1.8885064125061035,-1.5088623762130737,0.0
2025-10-18,1,-2.0152299404144287,1.4728083610534668,-1.4497555494308472,1.0
2025-10-20,4,-0.064566969871521,-1.1256919279694557,-1.009229600429535,0.75
2025-10-21,3,-0.5253024101257324,-0.3669540484746297,-1.3027993440628052,1.0
2025-10-22,3,-0.4864456256230672,-0.7757049798965454,-0.732974092165629,1.0
2025-10-23,3,-0.9789949357509613,-0.21546355014046034,-1.0023213078578312,1.3333333333333333
2025-10-24,3,-0.6583100954691569,-0.3907330483198166,-1.1856248329083126,0.6666666666666666
2025-10-27,2,-0.14792215824127197,-1.5223133563995361,-0.18232321739196777,1.0
2025-10-28,3,-0.2347867637872696,-1.2454602966705959,-0.6938945055007935,1.0
2025-10-29,1,0.5916132926940918,-1.454935908317566,-1.555861473083496,0.0
2025-10-30,3,-0.5464349190394083,0.09109894434611003,-1.6831693649291992,0.6666666666666666
2025-10-31,2,0.06052440404891968,-0.8629774656146765,-1.4863208532333374,0.5
2025-11-02,1,-1.144888997077942,-1.4935798645019531,0.9846599102020264,2.0
2025-11-03,8,0.0751761868596077,-1.5604913481511176,-0.5535218790173531,0.875
2025-11-04,9,-0.23364071713553536,-0.6942814588546753,-1.0946572687890794,0.7777777777777778
2025-11-05,9,-0.21439996113379797,-1.4043514132499695,-0.625477565659417,0.5555555555555556
2025-11-06,4,0.06143108010292053,-1.2068057795986533,-1.059033215045929,0.75
2025-11-07,2,1.3110833168029785,-1.8323777914047241,-1.5236915349960327,0.0
2025-11-08,1,-0.23503422737121582,-1.9867011308670044,-0.20119905471801758,2.0
2025-11-10,3,1.2887488007545471,-1.6129032373428345,-1.6642891963322957,0.0
2025-11-11,3,-0.2797478834788005,-0.7967717250188192,-0.8434390226999918,1.0
2025-11-12,8,-0.9782629981637001,-0.4883769303560257,-0.713774205185473,1.125
2025-11-13,3,-0.8156336545944214,0.37116344769795734,-1.63742995262146,0.6666666666666666
2025-11-14,1,1.8014129400253296,-1.730384111404419,-1.690515160560608,0.0
2025-11-17,2,-1.65337336063385,1.6068644523620605,-1.8554725050926208,1.0
2025-11-18,2,-1.7332285046577454,1.6183401942253113,-1.7398236989974976,1.0
2025-11-19,4,-1.8457300066947937,1.2749384343624115,-1.6196987330913544,1.0
2025-11-20,1,1.5881142616271973,-2.0709357261657715,-1.3578168153762817,0.0
2025-11-21,2,-0.6382593512535095,-0.23971986770629883,-1.1908366084098816,0.5
2025-11-24,4,-0.024465948343276978,-1.205226093530655,-0.8278491795063019,0.75
2025-11-25,1,-1.3915717601776123,-1.2751266956329346,0.33295300602912903,2.0
2025-11-26,2,1.3456946015357971,-2.025305986404419,-1.1974666118621826,0.0
2025-11-27,5,-1.0398161172866822,0.19722354412078857,-1.3544146586209536,1.0
2025-11-28,7,-0.6750212737492153,-1.1720164545944758,-0.2911354090486254,1.2857142857142858
2025-11-30,1,-1.0625027418136597,-1.3842599391937256,0.1989801824092865,2.0
2025-12-01,4,-0.9047810435295105,-0.640377402305603,-0.7055454552173615,1.25
2025-12-02,2,-0.6419656183570623,-1.3932849764823914,-0.1159844696521759,1.0
2025-12-03,5,-0.6878679037094116,-0.9132567256689071,-0.6115864589810371,1.2
2025-12-04,3,-0.6552560329437256,-0.9771062731742859,-0.6177439093589783,1.0
2025-12-05,3,-1.672969897588094,1.168112068126599,-1.5245523850123088,1.0
2025-12-06,1,-1.319751501083374,-0.6918133497238159,-0.4794307351112366,2.0
2025-12-08,6,-0.5642653281490008,-1.2672476495305698,-0.6396099363143245,0.8333333333333334
2025-12-09,2,-0.3312920331954956,-0.33953285217285156,-1.4239824414253235,0.5
2025-12-10,3,0.12579633792241415,-1.1665514707565308,-1.1638275782267253,0.3333333333333333
2025-12-11,4,-0.5203715981915593,-0.9473273418843746,-0.9326713122427464,1.0
2025-12-12,5,0.9398401379585266,-1.5022052958607675,-1.468686866760254,0.2
2025-12-15,2,-1.3931164145469666,-0.22466731071472168,-0.7950081285089254,1.5
2025-12-16,5,-0.4784454584121704,-0.6261160135269165,-0.9087488174438476,0.8
2025-12-17,4,-1.4584521353244781,0.023096442222595215,-0.6439848393201828,1.5
2025-12-18,5,0.5356306880712509,-1.091291332244873,-1.4032116740942002,0.2
2025-12-19,4,-0.49071021378040314,-0.8855337798595428,-0.8157655298709869,0.75
2025-12-22,2,0.040885210037231445,-0.33069437742233276,-1.569861888885498,0.5
2025-12-24,1,-0.9151619672775269,-1.6182681322097778,0.7717304229736328,2.0
2025-12-26,3,-0.21329155564308167,-1.6506523688634236,-0.253160039583842,0.6666666666666666
2025-12-29,1,-1.646775484085083,1.3912708759307861,-1.875692367553711,1.0
2025-12-30,1,1.6041135787963867,-1.7928848266601562,-1.6191707849502563,0.0
2026-01-02,1,-1.5463216304779053,0.12454942613840103,-1.2272831201553345,1.0
2026-01-03,2,-0.4862581491470337,-1.7420480251312256,0.23239023983478546,1.0
2026-01-05,1,-1.3052918910980225,0.3748652935028076,-1.5726511478424072,1.0
2026-01-06,3,0.4165463447570801,-1.8400217294692993,-0.6707926789919535,0.6666666666666666
2026-01-07,3,-1.355431059996287,0.09977225462595622,-0.83062611023585,1.3333333333333333
2026-01-08,3,-0.3077937463919322,-0.8635511795679728,-0.936128149429957,1.0
2026-01-09,3,0.8781441847483317,-1.9038965304692586,-0.8483908971150717,0.6666666666666666
2026-01-12,5,-0.5686830878257751,-0.9087924405932426,-0.5757414873689413,0.8
2026-01-13,3,-0.6011331478754679,0.48702573776245117,-1.6625148852666218,0.6666666666666666
2026-01-14,4,-0.836037278175354,-1.5930668413639069,0.3719087243080139,1.5
2026-01-15,2,-0.2977679371833801,-0.43406224250793457,-1.5671426057815552,0.5
2026-01-16,3,-1.6940488815307617,1.2922155459721882,-1.7127620379130046,1.0
2026-01-19,2,-1.7462444305419922,1.1638548374176025,-1.6972594261169434,1.0
2026-01-20,3,0.030313571294148762,-0.8645841677983602,-1.446776032447815,0.3333333333333333
2026-01-21,1,-1.4761102199554443,1.0611315965652466,-1.8915894031524658,1.0
2026-01-22,2,1.002683699131012,-1.7715157866477966,-1.3912991881370544,0.0
2026-01-23,2,-1.350847065448761,-0.28320515900850296,-0.7003725487738848,1.5
2026-01-26,2,0.8434971570968628,-1.921618938446045,-1.0705279111862183,0.0
2026-01-27,6,-0.7994460165500641,-0.691083550453186,-0.7133056223392487,1.1666666666666667
2026-01-28,1,0.07568282634019852,-1.7677104473114014,-0.7538007497787476,0.0
2026-01-29,3,-1.7238329648971558,0.7118199467658997,-0.9765623410542806,1.3333333333333333
2026-01-30,2,-1.586963951587677,0.9044758677482605,-1.5426322221755981,1.0
2026-02-02,4,-0.7968265116214752,-0.2151156086474657,-1.3179750591516495,0.75
2026-02-03,5,0.3025495886802673,-1.4735809475183488,-0.9547341346740723,0.6
2026-02-04,11,-0.7849988097494299,-0.8256492939862338,-0.46521848711100494,1.3636363636363635
2026-02-05,12,-0.30421834252774715,-1.261800393462181,-0.6066648472721378,1.0
2026-02-06,7,-0.24042165918009623,-0.744367241859436,-1.168599316052028,0.5714285714285714
2026-02-09,8,-0.7726910412311554,-0.766617551445961,-0.6596242748200893,1.25
2026-02-10,3,-0.8143981297810873,0.2792835632960002,-1.5314784049987793,0.6666666666666666
2026-02-11,4,-0.5099949687719345,-1.2113386951386929,-0.5362000651657581,1.25
2026-02-12,2,-1.6786366701126099,1.6764733791351318,-1.7885117530822754,1.0
2026-02-13,2,-1.7203736901283264,1.2178566455841064,-1.680101752281189,1.0
2026-02-18,3,-1.2887144088745117,0.26508259773254395,-1.144378959511717,1.3333333333333333
2026-02-19,2,0.05666208267211914,-0.27202653884887695,-1.723829984664917,0.5
2026-02-20,3,-1.1437102556228638,0.5788095394770304,-1.5827773412068684,0.6666666666666666
2026-02-23,3,-1.7314477761586506,1.4466374516487122,-1.7195425033569336,1.0
2026-02-24,4,0.3359729126095772,-1.4741202294826508,-0.9630942791700363,1.0
2026-02-25,3,-1.5038875738779705,0.940674272676309,-1.6874964634577434,1.0
2026-02-26,3,-1.4170127113660176,0.4940509796142578,-1.1438957800467808,1.3333333333333333
2026-02-27,5,-0.33299224376678466,-1.5890149354934693,-0.23898266218602657,1.4
2026-03-02,3,-1.1325151436030865,0.7948595881462097,-1.7260483900705974,0.6666666666666666
2026-03-03,2,-1.4798313975334167,-0.04743927717208862,-0.45059603452682495,1.5
2026-03-04,4,-0.8920635003596544,-1.034987360239029,-0.29921277752146125,1.25
2026-03-05,2,-1.7490755319595337,1.751522719860077,-1.7504481077194214,1.0
2026-03-06,2,-1.3010581135749817,0.11194366216659546,-0.9210827769711614,1.5
2026-03-09,3,0.3138609329859416,-1.4558988809585571,-1.1343811353047688,0.6666666666666666
2026-03-10,2,-0.45103439688682556,-0.13131338357925415,-1.6233721375465393,0.5
2026-03-11,2,-0.17809702455997467,-1.352346509695053,-0.9568577408790588,0.5
2026-03-13,5,-0.8283650159835816,0.10960521697998046,-1.3703500390052796,0.6
2026-03-16,3,-0.4920542240142822,-1.565039833386739,-0.11972722659508388,1.3333333333333333
